,wavenumber (cm^-1),Background Subtracted Integrated OD
0,17323.467575653656,0.008972037748318349
1,17323.467678007797,0.003584799865711863
2,17323.468340232594,0.0035595331775219946
3,17323.468368568865,0.0015495775846443441
4,17323.468476366776,0.00692729890817796
5,17323.468481853903,-9.064498066751938e-05
6,17323.468481853903,0.005397027092547937
7,17323.468481853903,0.0038168496014800357
8,17323.468481853903,0.0041283925239871035
9,17323.468481853903,0.0036564834266494158
10,17323.468481853903,0.0035547776377052253
11,17323.468485673213,0.0028310123801947654
12,17323.468502021187,0.006636290737036468
13,17323.46855917406,0.00785638038984052
14,17323.468791107847,0.006625848006692001
15,17323.468993251023,0.007839651139731453
16,17323.469023965605,0.014315338939786692
17,17323.469023965605,0.007553799351867981
18,17323.46922156564,0.0073638094957424426
19,17323.46929775168,0.0026116388277592564
20,17323.46937292702,0.007985278729041149
21,17323.46951226008,0.005051802463477514
22,17323.469529341895,0.0091142902916863
23,17323.46956262492,0.011266268028326039
24,17323.46956262492,0.01887398452077861
25,17323.469580183733,0.010488446449848744
26,17323.469609117084,0.010138235335766025
27,17323.469685199718,0.01801621392259658
28,17323.469685199718,0.019849799858002254
29,17323.46999860987,0.01962426851268614
30,17323.46999860987,0.01985991829428098
31,17323.46999860987,0.020771224840135827
32,17323.46999860987,0.019251114045967698
33,17323.46999860987,0.02331397666328566
34,17323.47002951125,0.016612574597865276
35,17323.470112198454,0.024398254947488755
36,17323.47055715294,0.027184047049890515
37,17323.470579531757,0.02333681100618569
38,17323.47065451363,0.021735725612250463
39,17323.47065451363,0.022823229469021995
40,17323.470756837753,0.02656737918389957
41,17323.470869475677,0.022189623781308114
42,17323.470908932974,0.020817437541208093
43,17323.470939790986,0.02668175389323759
44,17323.470939790986,0.029485909553607286
45,17323.47122092881,0.02594985896387903
46,17323.471252770843,0.023287442324464794
47,17323.471252770843,0.023969544455706905
48,17323.471284225936,0.022651614067203063
49,17323.471284225936,0.020512325905589653
50,17323.47133208571,0.025101993447374227
51,17323.47145780602,0.027280119910869958
52,17323.47150768386,0.021644007322444675
53,17323.471613563775,0.02482168987619648
54,17323.471649605373,0.026444256372689
55,17323.471673265078,0.027983209685113183
56,17323.471673265078,0.027322646979484493
57,17323.47197491376,0.02691143698733749
58,17323.47197491376,0.02118868913781253
59,17323.47198310943,0.02511248097087273
60,17323.47198310943,0.033281510642134936
61,17323.472023594102,0.023712447258325435
62,17323.472023594102,0.033431370006315665
63,17323.47210456345,0.032333740251309355
64,17323.47216878788,0.02816029708064583
65,17323.47216878788,0.028082922744833233
66,17323.472173414415,0.023319784929058666
67,17323.472209902993,0.027470506687249308
68,17323.472281335744,0.02820290568042707
69,17323.47245408525,0.027304850084338528
70,17323.472622164863,0.014991722145789955
71,17323.472675478413,0.021016741406425517
72,17323.472778269526,0.02166038493819151
73,17323.472778269526,0.025188162924801062
74,17323.472836539837,0.01642932151974185
75,17323.47285973922,0.012199677775534889
76,17323.472870239817,0.02750938259872925
77,17323.47292535795,0.016502274097683303
78,17323.472997858105,0.024556730792296803
79,17323.473065007893,0.015121361574759976
80,17323.473300941114,0.016381591187265853
81,17323.47341809216,0.015900138046414714
82,17323.473422038223,0.019321540929790368
83,17323.473526910773,0.021311832011918955
84,17323.47360938783,0.009187259394040472
85,17323.473623701066,0.012105129665008419
86,17323.473672348056,0.007768945030424858
87,17323.473863500294,0.012631263697418333
88,17323.474061577326,0.012172884407508572
89,17323.474114193727,0.010040754940711463
90,17323.474114193727,0.009121761058234108
91,17323.47421665461,0.007059886264253661
92,17323.474266102152,0.011401155434678917
93,17323.474362335393,0.010803243996738139
94,17323.474397709866,0.008540014849985404
95,17323.474432297127,0.008847588255893083
96,17323.47470633004,0.005164828539999451
97,17323.47470633004,0.007060661783457485
98,17323.474845809862,0.006817464421575906
99,17323.475022358667,0.008830177907090593
100,17323.475073300575,0.01229730055178573
101,17323.475156094522,0.008595106963196738
102,17323.475204494673,0.009364380383873081
103,17323.475266617646,0.009967699072008654
104,17323.475266617646,0.012200399881034194
105,17323.475300908038,0.007363266005377648
106,17323.475309197103,0.012003897824844657
107,17323.475574083688,0.012387709157959203
108,17323.47582691193,0.009506915723148587
109,17323.47583511427,0.01206857372177867
110,17323.47592551014,0.008299621427698169
111,17323.47592551014,0.012442482498291711
112,17323.476111425425,0.009864662655238153
113,17323.47615703698,0.009030584767314272
114,17323.47615703698,0.011271642987620477
115,17323.476399624804,0.00860891755070942
116,17323.476648053333,0.007372529641023971
117,17323.476649644435,0.014876649233450416
118,17323.476672486904,0.00813841337701841
119,17323.476672486904,0.013298326429931794
120,17323.476696193306,0.013546936355882997
121,17323.476868615922,0.012916377675899883
122,17323.47694624963,0.010450660291969914
123,17323.47702450043,0.013015108253860791
124,17323.477093391422,0.009985777617603303
125,17323.47716357331,0.011266420552077877
126,17323.477194254534,0.010985800841291405
127,17323.477264356363,0.010952735367534818
128,17323.477580024744,0.007688384313566951
129,17323.477728400725,0.011024378007919586
130,17323.477884452015,0.006482436165153127
131,17323.477884452015,0.011120577777867732
132,17323.477937888983,0.010027706409149982
133,17323.477951678524,0.00609149544380274
134,17323.477957996227,0.010497907374361105
135,17323.477957996227,0.01347835592876756
136,17323.47800396136,0.007655389011901466
137,17323.478246912768,0.004955029098585993
138,17323.478480147456,0.0038540082100532785
139,17323.47849385694,0.006010549157386502
140,17323.478498610228,0.008957605407987415
141,17323.478541236385,0.007769764564320539
142,17323.47876447749,0.0037030004871595667
143,17323.478826226878,0.0049027475783153
144,17323.478900064623,0.0053467758281462024
145,17323.479082677623,0.003906043903261821
146,17323.47922300804,0.006323575927971824
147,17323.47939038383,0.002388122755807909
148,17323.47939038383,0.0050022295546647815
149,17323.47941588814,0.007453660192710768
150,17323.479524499948,0.0017053000077925742
151,17323.479531137873,0.00216565009881928
152,17323.479603134347,0.0024482115986025153
153,17323.47975939578,0.0015271483649462489
154,17323.479822339326,0.00513586438445785
155,17323.479863818022,0.002577695409800511
156,17323.479909596357,0.0005825675623209489
157,17323.480098760556,0.00516929623756064
158,17323.480098760556,0.003280829463798705
159,17323.48025223006,0.001789333143020268
160,17323.48026319765,0.0013440071027977947
161,17323.48027282431,0.0002651103986714327
162,17323.4803920201,-0.0001380357636963001
163,17323.480717848845,-0.0005197675163146637
164,17323.480798037654,0.00020506663484567153
165,17323.480857678915,6.324831361714518e-05
166,17323.48091956506,0.0036556847465936543
167,17323.48098249193,5.926658228813924e-05
168,17323.48106142987,-0.000192832304949952
169,17323.48111276205,-0.002788675411547884
170,17323.48111276205,0.0021934989573418706
171,17323.48116414426,0.0004746239626337869
172,17323.481530948022,0.00023006151798544224
173,17323.481548500164,0.00029590575005965805
174,17323.481548500164,0.0027969883338985514
175,17323.48163618749,0.001769408211456429
176,17323.481779496633,0.00010696168186806053
177,17323.481799894078,0.005377477866574984
178,17323.481799894078,0.0030221973223639523
179,17323.481949320787,0.001449089234496604
180,17323.48201046642,0.00041682055135737256
181,17323.482096098996,-0.0024690122207134922
182,17323.482142854675,0.002270116600145137
183,17323.482284666115,0.0026571177349067688
184,17323.48233918383,0.0038026771826443705
185,17323.482469183764,0.006390092566110369
186,17323.482551170484,0.0037092672491982953
187,17323.48258990061,0.0009085034450486513
188,17323.482677521228,0.0012539237817789815
189,17323.482677521228,0.0067800211220002665
190,17323.482770909166,0.003406987791770032
191,17323.48290764376,0.0071622906381828425
192,17323.482929141966,0.0030349341533041953
193,17323.482929141966,0.005267651635386014
194,17323.48300783307,0.004026635577358788
195,17323.483197644386,0.004274533169405462
196,17323.483386598436,0.0016985851056345001
197,17323.4836003363,0.0092489643761963
198,17323.483714918904,0.009176545858696046
199,17323.483750446816,0.008415083095085025
200,17323.48385886182,0.006630028753324119
201,17323.48396245682,0.009482379620540668
202,17323.484000880067,0.005334729809820322
203,17323.48414992985,0.010377347973159298
204,17323.484152711775,0.014561753582796487
205,17323.484160774016,0.0054936726654077036
206,17323.48418640842,0.0030313791461752514
207,17323.48418640842,0.011363489887305492
208,17323.484199364048,0.012217061106994153
209,17323.484199364048,0.015434236736701688
210,17323.484340978684,0.014827092575918372
211,17323.48445367665,0.014994986327019205
212,17323.484681197384,0.011436059665433469
213,17323.484681197384,0.016687245108168967
214,17323.484707192034,0.027979130686947982
215,17323.485041966967,0.01977612791099744
216,17323.485137376305,0.020157865803244784
217,17323.485137376305,0.02090850068976554
218,17323.485186473605,0.020474248208475276
219,17323.48535306552,0.021030489372145137
220,17323.485470690226,0.01958061103135626
221,17323.485756614697,0.024502696233577148
222,17323.485855950086,0.028701344019906122
223,17323.48586786833,0.023905686941508842
224,17323.48586786833,0.0316227933815725
225,17323.486016134237,0.030450007975972887
226,17323.486094775308,0.034422136588154795
227,17323.48622457844,0.03328187298015579
228,17323.486289059714,0.02955973656721757
229,17323.486289059714,0.035340340804398386
230,17323.48635330082,0.03507951466492042
231,17323.48677063954,0.03292252629282919
232,17323.48688054891,0.030423093604705694
233,17323.48688054891,0.03057816460250126
234,17323.486886116094,0.03177134074696895
235,17323.486957762325,0.027216054061240648
236,17323.48703197033,0.030924041979390242
237,17323.487051580563,0.030250807599498143
238,17323.487155395716,0.03251593896176395
239,17323.487195580183,0.030734552752928163
240,17323.487440276134,0.029457316202632984
241,17323.48754982525,0.03190118453725469
242,17323.487563214516,0.02591073376619555
243,17323.48761902646,0.02608289073532738
244,17323.487778863702,0.025037376902939276
245,17323.487778863702,0.0228209206306089
246,17323.487798140373,0.02941333863621133
247,17323.487809027905,0.02448623610986181
248,17323.487809027905,0.027724814571094672
249,17323.48794559238,0.027323819979243255
250,17323.487995480227,0.024353129291972534
251,17323.488263325522,0.02576278463101167
252,17323.48844314659,0.023157324548815555
253,17323.48844314659,0.025389084433076595
254,17323.48850872529,0.025008369881536555
255,17323.48850872529,0.025466957075897034
256,17323.488689843925,0.02184512052190518
257,17323.488729197816,0.023222489079147
258,17323.488787885086,0.021592736341270014
259,17323.48879921959,0.02909395429552062
260,17323.489042734724,0.024072680491850858
261,17323.489144915413,0.029923203289330933
262,17323.489144915413,0.029451141722524665
263,17323.489217145383,0.026592932182872293
264,17323.489342331988,0.029786917893258484
265,17323.489395341992,0.03023017548408056
266,17323.489432744536,0.02909536504699471
267,17323.48966246012,0.034025628187855504
268,17323.489690692986,0.028436958987470444
269,17323.489807323673,0.031697504314619554
270,17323.489811753403,0.030135172894969416
271,17323.489826360175,0.030476438614587736
272,17323.48982929554,0.0311896259921755
273,17323.490141071226,0.03534648578491965
274,17323.49014800269,0.03316860702132768
275,17323.49021058932,0.027975806902148872
276,17323.49042388021,0.029927915132431586
277,17323.49042599834,0.027654848980510835
278,17323.490458157255,0.029278089544812782
279,17323.490529279792,0.026037486844697623
280,17323.490857280038,0.02469751076868197
281,17323.490961492134,0.02692286243256771
282,17323.491006860186,0.02140007704765304
283,17323.49115742435,0.02098554302634707
284,17323.491362099277,0.015194361266294226
285,17323.49144927292,0.020897090388582496
286,17323.491489233897,0.02048510102418983
287,17323.49154735744,0.018372148650950427
288,17323.49154735744,0.0207530816836841
289,17323.49182641716,0.012043528152208967
290,17323.49182641716,0.01624079538336419
291,17323.49194978918,0.011826123960171553
292,17323.491981394374,0.01685599250512807
293,17323.49200332955,0.011087361820050955
294,17323.49219345775,0.011119485542934881
295,17323.49219345775,0.010399029453521624
296,17323.492432436407,0.012839036230102201
297,17323.492525193913,0.010781761143688244
298,17323.492690431558,0.01162725826308479
299,17323.492728954876,0.008387133024625102
300,17323.49284180628,0.005989775053019539
301,17323.49284180628,0.008624204184373162
302,17323.49285029215,0.006256256498531773
303,17323.493057738997,0.006202787003564715
304,17323.49309187928,0.006014768058380138
305,17323.493201945428,0.0022424870822330247
306,17323.493219050593,0.007695539845496833
307,17323.493244821755,0.007135708269215194
308,17323.493404355457,0.0024984264526055028
309,17323.4934604576,0.0034495168636531335
310,17323.49349664597,0.0031209930059051295
311,17323.49349664597,0.005046847858407077
312,17323.4936499587,0.0010938063449951025
313,17323.493656359795,0.003323872449331866
314,17323.493656359795,0.0075132355424069285
315,17323.49387692238,0.0027677338719745235
316,17323.493915732564,-0.001773679745193232
317,17323.493915732564,0.005049799580367314
318,17323.494105420457,0.0025964376632735793
319,17323.494234843325,0.0035188461153560736
320,17323.49440262273,0.0018890749756665685
321,17323.49440262273,0.004175919516276797
322,17323.49444793074,0.001822367191796922
323,17323.494590169143,0.0027383500094584684
324,17323.494608738656,0.0021051004967118274
325,17323.494608738656,0.002628427586158295
326,17323.49464957357,0.0009535687010146774
327,17323.494880736827,-0.0005953098807198332
328,17323.495053799885,0.0010550722475263076
329,17323.495053799885,-0.00025338425761170427
330,17323.495200568086,0.0028116028344755
331,17323.49548651591,-0.0016861814177339097
332,17323.495601542152,0.0008442964089033984
333,17323.495711938525,0.0009400909752368499
334,17323.495734277312,0.0015747690438843959
335,17323.495734277312,0.003581917447330092
336,17323.495738863818,-0.00028377263063646585
337,17323.4958283157,0.0003163506613117226
338,17323.495904925367,0.0014665318177806111
339,17323.49600315666,0.00011385477334913737
340,17323.496260474672,0.001054439726114017
341,17323.496282349806,-0.0006285108992716152
342,17323.496301436342,0.0014424516813419568
343,17323.496365687457,0.001365645606006955
344,17323.49643433495,0.003039882579772361
345,17323.49644343458,-0.0007821358257920963
346,17323.496565742524,0.000419260288720333
347,17323.496632115108,0.0013609910800766625
348,17323.49689475347,0.0010199814062893785
349,17323.4969999329,0.001770133884178847
350,17323.497090011886,0.0003877824223354207
351,17323.497310391012,0.0022317115420358094
352,17323.497321698833,0.002026674285790668
353,17323.497527297735,0.0007539266568796126
354,17323.497778688314,0.0017751714759144275
355,17323.497823315854,-0.0022232399034755506
356,17323.49786924096,-0.0005446057364445843
357,17323.498022066688,0.001919904123036649
358,17323.49807408934,0.001846310576368922
359,17323.498209279533,0.0026007493924930835
360,17323.498247939613,-0.001086065827888662
361,17323.498337675024,0.003279014613639609
362,17323.49837991091,0.0021777553509677696
363,17323.4985540247,0.0019477333644740747
364,17323.49856557269,4.975613689303009e-05
365,17323.498590076306,0.000978278541653272
366,17323.498752495336,0.000978110863797118
367,17323.498891835065,0.001084527440279615
368,17323.498891835065,-0.0003525761676838736
369,17323.498891835065,0.002041781765318074
370,17323.499073870997,6.044816593788697e-05
371,17323.499180448063,0.003605025579769559
372,17323.499180448063,0.0023904854742426086
373,17323.499420587526,0.001191267674266715
374,17323.499466729445,0.0009938741658821943
375,17323.499513615217,0.003326384327650939
376,17323.499513615217,0.002085730101305095
377,17323.49971675575,0.0016287454874681345
378,17323.49985894078,-0.00041384626072464136
379,17323.49985894078,0.003986715513559502
380,17323.499874181325,0.00016623890815046583
381,17323.50009939713,0.00477547597868052
382,17323.50009939713,0.0031260951970053987
383,17323.50020548052,0.0022367912415959743
384,17323.50020548052,0.003268282945006102
385,17323.5005228801,0.0001598149602461815
386,17323.500546082818,0.0033613803321581866
387,17323.50055850808,0.0006394813498163806
388,17323.500783833962,0.0005429075638682464
389,17323.500897972925,0.001254220825642897
390,17323.500897972925,0.000979241606839025
391,17323.500932149902,0.0020631146112023544
392,17323.501013409452,0.0024015637473243793
393,17323.501128542433,0.0014172235229745608
394,17323.501245193132,0.0018397003326239055
395,17323.501245193132,6.029933179291843e-05
396,17323.501245193132,0.0012725267546378014
397,17323.501464915138,0.0022851649929273663
398,17323.501744048244,0.0032565014073595404
399,17323.50184504812,0.0015434793509320993
400,17323.50184504812,0.0005514802117988847
401,17323.50185214636,0.000720698444880218
402,17323.501988974353,0.0011057737802085293
403,17323.502122249887,0.0006915778483893528
404,17323.50217169743,0.0006751190084405035
405,17323.502218122878,0.0001485118217582678
406,17323.50236872707,0.0017694476311240907
407,17323.50248660195,0.0005862249649038559
408,17323.502592315082,0.0007141485693604778
409,17323.50260739885,0.002062032577445008
410,17323.502708051816,0.0030264822200851667
411,17323.502870417473,0.0010500376458185139
412,17323.502886171707,0.00040561617291623496
413,17323.502886171707,0.0006541888288050131
414,17323.50304008485,0.002035692100417744
415,17323.50319375116,0.001591098427765336
416,17323.50341260256,0.0007191507736890501
417,17323.50341260256,0.0006842388924736583
418,17323.50343832369,0.0013446795337489841
419,17323.503445495317,0.0008514287408966999
420,17323.50375869199,-0.0006213169684285728
421,17323.503816328528,0.0030167331474238944
422,17323.503816328528,0.003012337435758984
423,17323.50389004286,0.0032447803416283103
424,17323.50407961734,0.001325393231227954
425,17323.504079844162,0.0018639650998450775
426,17323.504191327957,0.003658021902514015
427,17323.504191327957,0.004813545829927754
428,17323.504385569,0.003176339255372026
429,17323.50445759883,0.00046290085445016603
430,17323.504679809223,0.0013343104081483719
431,17323.504679809223,1.3348090786895195e-05
432,17323.504703629034,-0.00015041767624564663
433,17323.504736041457,0.003214450434678338
434,17323.5047857325,0.004876801605216452
435,17323.50503340718,0.00487637874870891
436,17323.505199985753,0.0026331404684368735
437,17323.50524325902,0.002453280798341417
438,17323.5052874596,0.0014634714136901586
439,17323.505462700832,0.0027321246239226642
440,17323.505513616055,0.0029588023086962113
441,17323.505627654948,0.0034594985617586007
442,17323.50574026285,0.001718415436344063
443,17323.50574026285,0.0031420631260860934
444,17323.505814847784,0.004600943115662482
445,17323.505995959746,0.004556625985076371
446,17323.5060883103,0.0023610496247834538
447,17323.5060883103,0.005359046267381311
448,17323.506169022803,0.0036117498728638732
449,17323.506266863824,0.005826923000066991
450,17323.506266863824,0.005576421926044993
451,17323.506520502626,0.0028113370834645665
452,17323.506523941673,0.004948667815178019
453,17323.50665885167,0.006521023943030578
454,17323.50665885167,0.004519815740538996
455,17323.50665885167,0.006467896207379041
456,17323.50693685066,0.005876780041609872
457,17323.50693685066,0.009270838696473552
458,17323.507090260122,0.005919653814661536
459,17323.507090260122,0.004275327007366982
460,17323.507328808486,0.005887268042329703
461,17323.507425148466,0.005279911107202955
462,17323.507425148466,0.005724478621080565
463,17323.507547616526,0.00429643213983214
464,17323.507688006983,0.008009641349618513
465,17323.507812062802,0.005039728564357989
466,17323.507812062802,0.007703033627330625
467,17323.507921181626,0.006599895741339188
468,17323.50808441789,0.005014724222905906
469,17323.50808441789,0.006719694776852445
470,17323.50819418716,0.004884711921834846
471,17323.508370819356,0.006122991033241086
472,17323.508496919927,0.004155715277285929
473,17323.508591838923,0.006473676958929779
474,17323.50866944261,0.0034307211818270416
475,17323.508754598188,0.004511490553860593
476,17323.508841685103,0.00823882915962328
477,17323.50891707059,0.006546105894762465
478,17323.509013857547,0.005501668348416733
479,17323.509091597996,0.002381159847538654
480,17323.50923101778,0.007071456799790025
481,17323.509350350334,0.004591180495566698
482,17323.50939919079,0.002250347975533182
483,17323.50939919079,0.0031376101925614168
484,17323.5094835725,0.0029595240802393692
485,17323.50963817612,0.0024335588954743376
486,17323.50973525995,0.0024259459982020194
487,17323.509850279523,0.0023441672491263106
488,17323.51000624075,0.0019104800761966417
489,17323.51000624075,0.002662266931259519
490,17323.510120056155,0.000905412673904597
491,17323.510120056155,0.0007054263996994835
492,17323.51027697805,0.002099620178870286
493,17323.510382754557,-0.0006877288728575105
494,17323.510382754557,0.0032014724471321203
495,17323.51060342055,-0.0006404151737993743
496,17323.51071093493,0.0032300884644394677
497,17323.510797057843,0.001987509834946496
498,17323.510890422433,0.0023138943675954727
499,17323.510960737745,-0.00047320505815480257
500,17323.511093049277,0.0016797716500048842
501,17323.511093049277,0.0020725902734264725
502,17323.511222008492,0.003909602296218982
503,17323.511379400712,0.001583840722945327
504,17323.51148035722,0.0018855971495108184
505,17323.511636912193,0.0005241990316428953
506,17323.511636912193,0.0007459176190308752
507,17323.51171486946,0.0010302404306039448
508,17323.51179236974,0.0035700806364189945
509,17323.511888416186,0.0035321262814003392
510,17323.511888416186,0.003767690147818092
511,17323.511888416186,0.002945671054812686
512,17323.511888416186,0.002797025408311636
513,17323.511888416186,0.0029575081940387284
514,17323.511888416186,0.0034294818154834653
515,17323.511888416186,-9.90418329039535e-05
516,17323.511888416186,0.003952281543326733
517,17323.51275032913,0.0022095255993759806
518,17323.512757734254,0.006290074462587499
519,17323.512861608495,0.0059356350526724375
520,17323.512972887864,0.003941902120933618
521,17323.51308416723,0.003708003422389048
522,17323.513195446594,0.009041484471721923
523,17323.513306725963,0.004916696189362324
524,17323.51341800533,0.006935965791948661
525,17323.513529284694,0.00826581274980597
526,17323.513640564062,0.006716702598591564
527,17323.513751843428,0.009733577699545918
528,17323.513863122793,0.009208498313835741
529,17323.51397440216,0.011168314684135063
530,17323.514085681527,0.014262662758770061
531,17323.514196960892,0.014114810800349941
532,17323.51430824026,0.01195890807456235
533,17323.514419519626,0.013895843159019611
534,17323.51453079899,0.015513872754153293
535,17323.514642078357,0.019022540003896603
536,17323.514753357726,0.024032385253572954
537,17323.51486463709,0.02448505004366752
538,17323.514975916456,0.024076492875378698
539,17323.515087195825,0.030149422828091958
540,17323.51519847519,0.028696164033507686
541,17323.515309754555,0.03872325137857642
542,17323.515421033924,0.03398405967265768
543,17323.51553231329,0.04180456449439933
544,17323.515643592655,0.043055716612310016
545,17323.515754872024,0.023690837760842826
546,17323.51586615139,0.06450788913183167
547,17323.515977430754,0.05704016904776481
548,17323.516088710123,0.05206389915716778
549,17323.516199989488,0.05184748733867239
550,17323.516311268853,0.03775336463778724
551,17323.516422548222,0.044214343847385346
552,17323.516533827587,0.006814464138926537
553,17323.516645106953,0.027942108049249258
554,17323.51675638632,0.03848952571543202
555,17323.516867665687,0.052693171927899324
556,17323.516978945052,0.05522176386592291
557,17323.51709022442,0.047793011195506184
558,17323.517201503786,0.04647261721288945
559,17323.51731278315,0.039635373876999426
560,17323.51742406252,0.03686016773397567
561,17323.517535341885,0.04584986444947112
562,17323.51764662125,0.019782309657878434
563,17323.51775790062,0.03723641881734893
564,17323.517869179985,0.02385011013503982
565,17323.51798045935,0.02088405493703384
566,17323.518091738715,0.03353494482915201
567,17323.518203018084,0.03469460871792682
568,17323.51831429745,0.03845658983281364
569,17323.518425576814,0.028565639470162302
570,17323.518536856183,0.02334090004087646
571,17323.51864813555,0.02381891686902443
572,17323.518759414914,0.017002170332548208
573,17323.518870694283,0.01725183786686295
574,17323.518981973648,0.01856931210805516
575,17323.519093253013,0.015498891613103529
576,17323.519204532382,0.015898237013702517
577,17323.519315811747,0.012702843131259335
578,17323.519427091112,0.01316424555488779
579,17323.519482730797,0.015746774352735728
580,17323.51964543002,0.014134631321575337
581,17323.51964543002,0.014020134505237992
582,17323.51964543002,0.03061495280744057
583,17323.519928896123,-0.032136529039815405
584,17323.520139698627,0.027008938867431255
585,17323.520139698627,0.012753744964787577
586,17323.52014100286,0.011576703593965572
587,17323.520911876156,0.015583833729004258
588,17323.52097687779,0.012395571057796463
589,17323.52106626296,0.010541997387684323
590,17323.521327803897,0.011640837143720415
591,17323.521420127767,0.010068906353096875
592,17323.52171503512,0.007854733227841484
593,17323.5218008645,0.008671526153432725
594,17323.521826422177,0.011225858971901925
595,17323.521887427716,0.010928401366959503
596,17323.52209798338,0.008492790809800253
597,17323.52211627937,0.003326748158353589
598,17323.522272704253,0.011372337125594673
599,17323.52235869374,0.008106595299993294
600,17323.52235869374,0.007084601415206344
601,17323.52235869374,0.008339994575306419
602,17323.522450707394,0.00863477897115661
603,17323.522515482207,0.0012755631387447695
604,17323.522515482207,0.0047806124961261316
605,17323.522515482207,0.00452499221848676
606,17323.522515482207,0.004755489132466583
607,17323.522605391074,0.008358415261221781
608,17323.52265983207,0.005418850798005038
609,17323.52265983207,0.00744982509353913
610,17323.522709783294,0.0016014809697271683
611,17323.522709783294,0.0023260354852590375
612,17323.52296556024,0.0014622383489579826
613,17323.52296556024,0.00329914111856222
614,17323.52298737867,0.00025859806530601815
615,17323.522998593093,0.0049723935469611355
616,17323.523016638912,-0.0002969607325388672
617,17323.523016638912,0.0013071754020798634
618,17323.523039017728,0.007877407499618723
619,17323.523329061714,-0.0011623879973638685
620,17323.523398703226,0.0011225911016000643
621,17323.523398703226,0.0024538833653550488
622,17323.523398703226,0.0005454507199408249
623,17323.523483972214,0.0007573482724826787
624,17323.523574258008,-0.0008790150999208888
625,17323.523630616997,0.002681816123580767
626,17323.523630616997,0.0025709394492484765
627,17323.523630616997,0.003665156427831705
628,17323.523751624045,4.140844776580311e-06
629,17323.52419448042,-0.0005010004867492389
630,17323.524229284496,-0.0013738801236786028
631,17323.524422594895,0.0017672886014755411
632,17323.52443842251,0.0019216481787770637
633,17323.524691577644,0.00023629681212253447
634,17323.525163614202,0.0010308999421267738
635,17323.525269303987,0.0010304841033676258
636,17323.525269303987,0.0007923319022920022
637,17323.525311022848,0.00012269763463513118
638,17323.525311022848,0.0017795275478139426
639,17323.525311022848,0.0008606346092595485
640,17323.5254004814,0.0002069203355187743
641,17323.52550312241,0.0015988812323396145
642,17323.525586887026,0.0005746058319174997
643,17323.525649253505,-0.0002711994170936056
644,17323.52569090232,-0.0011468217173503548
645,17323.525818293783,0.0011916051234366635
646,17323.526102974058,-0.00011654694301543338
647,17323.52630158813,0.0012031275918924418
648,17323.526382173877,-0.00023536088689010497
649,17323.526474224225,-0.0004357774547547016
650,17323.526474224225,0.0003504829881656805
651,17323.52653169732,0.0006269404404942345
652,17323.526606595802,0.001790236722369197
653,17323.526713629846,-9.189859184724621e-05
654,17323.526713629846,0.0011546733229512798
655,17323.526713629846,0.00087473977018596
656,17323.526957258393,-0.0003451348808442883
657,17323.526957258393,0.0010896559813366744
658,17323.527411896248,-0.001267290644960924
659,17323.527509844007,0.000480827364452031
660,17323.5277265139,0.0009667324420842761
661,17323.52800252151,-0.00044958129423310045
662,17323.52803477716,-0.0009122949582345227
663,17323.52807249659,-0.0011100520562207182
664,17323.52807249659,0.0015677898711374254
665,17323.528096923485,-0.0007053363193451074
666,17323.52821141936,0.0009068712561833926
667,17323.528494204995,0.0011824326173990288
668,17323.52858960766,0.0005851959082742593
669,17323.52858960766,-0.001427221029423986
670,17323.52866115716,0.00014421959767987164
671,17323.528777480966,-0.00031470492570433704
672,17323.528965247533,0.00030574809099606794
673,17323.529010845745,0.00016820580233002628
674,17323.529123693814,-0.0010680112674252185
675,17323.52915090597,-0.0007267552138430321
676,17323.529173715084,-0.00034687730479499083
677,17323.529197444834,0.0009417165574840141
678,17323.529211731384,0.0005211984330572766
679,17323.52970838831,-0.0007334320427594914
680,17323.52974802573,-3.2230692500680126e-05
681,17323.529754963864,-0.0015489927867537528
682,17323.529869009428,0.00026161728806969994
683,17323.529869009428,0.0007108782038416585
684,17323.5300742781,0.0004933620727819445
685,17323.5300742781,0.0007900105191977463
686,17323.53025635406,0.00015973984361001897
687,17323.530585001423,-0.0012571098140464732
688,17323.530585001423,0.00024799273128288006
689,17323.530671147684,-0.00010696263135468945
690,17323.530690057432,-0.0005238250796042609
691,17323.530690057432,-0.00048183516536367166
692,17323.5310616912,-0.0010129004608959464
693,17323.53131076351,-0.0014866375611779343
694,17323.53131076351,-0.0003359879636937648
695,17323.531324629766,0.00118131788667298
696,17323.53139288032,-3.308129322378251e-05
697,17323.531420392683,-0.0012032528782466969
698,17323.531529468142,-0.0012100441992868429
699,17323.53181332118,0.0008935440382799498
700,17323.531828421626,0.0013304326898125121
701,17323.53187450017,0.0010605852460224528
702,17323.531891785464,-0.0010090346095394129
703,17323.531891785464,-0.0003343108756553633
704,17323.532025147724,-0.0006366469162335066
705,17323.53215184871,-0.0011868341917066422
706,17323.532234532577,0.00039472108355793385
707,17323.532333374293,-0.0021094985170563322
708,17323.53241240563,-0.000988710768663643
709,17323.532726432877,0.00048896798593181
710,17323.532747800993,0.0009212802878121699
711,17323.532758128138,0.00024982330130123086
712,17323.532758128138,-0.00043443944411773814
713,17323.53288376172,0.0007630405868806348
714,17323.533011900367,0.00046869047354960964
715,17323.533377266464,-0.0018108439453836881
716,17323.533443282133,-0.0013115057697382626
717,17323.533832564775,0.001136094551784706
718,17323.53385713177,0.0008545334798039548
719,17323.533877022197,-0.0001808295215311006
720,17323.53387916368,-0.0016354434104222583
721,17323.533934371873,8.082779618295453e-06
722,17323.53408498607,-0.0004496024225564344
723,17323.534086547148,-0.0014500274213973337
724,17323.53419335437,-0.001672476008255102
725,17323.53447865174,-0.0006377393154055175
726,17323.534535437695,0.000817486345551629
727,17323.534651604725,-0.0017199389508066472
728,17323.53465477692,0.0008445066604424367
729,17323.534689574324,0.0001767516985117074
730,17323.534742981272,-0.0032738013142720843
731,17323.534937829405,0.0007050172611866243
732,17323.534954150695,-0.0006568854961832059
733,17323.53513506919,-0.00016307179271015
734,17323.53513506919,0.002586568431452647
735,17323.535356819262,-0.0007491425242594479
736,17323.535473416592,-0.0007868617089281916
737,17323.535475201163,-0.001865493734030374
738,17323.53562561522,-0.002044413364654366
739,17323.53565116623,-0.0009526752598421613
740,17323.535846814913,0.0008269891566573808
741,17323.535846814913,0.0017611226430835963
742,17323.53613003418,0.001089360048122318
743,17323.536149320855,0.0007658296125844588
744,17323.536324068413,-0.00029564202010381666
745,17323.53638775914,-0.005196685120676147
746,17323.53645900176,-0.00033593032569121696
747,17323.5365355714,-0.003139732472502514
748,17323.5365355714,0.003637782706765586
749,17323.536763335633,0.0034691035846837635
750,17323.536763335633,-0.001613402329659317
751,17323.536831265963,-0.001570820710584342
752,17323.53700923575,-0.003863250020209775
753,17323.537287825147,-0.0008435637533138491
754,17323.537348046808,-0.0017391556698216244
755,17323.53740586681,-0.0021940436178356955
756,17323.53760996467,-0.001115312151200849
757,17323.537675903623,-0.0015409027110340826
758,17323.537957104825,-0.003350422802534751
759,17323.538086571058,-0.003342137970544487
760,17323.538164665082,-0.0034020047249327615
761,17323.538189578987,-0.007125432104997474
762,17323.53823656149,-0.0046150237848449314
763,17323.53827912093,-0.005412323089487852
764,17323.53827912093,-0.005463298916625853
765,17323.538299448326,-6.21270770683087e-05
766,17323.53831691708,-0.004001601493495633
767,17323.538423827707,-0.000586442976417776
768,17323.538517195633,-0.0065270748474411285
769,17323.53852208235,-0.00027701128214934617
770,17323.53878549124,-0.0054375277063162105
771,17323.538982554237,-0.004536086002066115
772,17323.538995903473,-0.0053869272835074785
773,17323.53941612085,-0.0023583845515066787
774,17323.53941612085,-0.002894957608069221
775,17323.539436484938,-0.0036287067401927758
776,17323.539436484938,-0.0022490344601810656
777,17323.539451351888,-0.0033386586152377375
778,17323.539514949218,-0.0035637370905520225
779,17323.539514949218,-0.001877736898336123
780,17323.5396126835,-0.002860330950612353
781,17323.54000220297,-0.002399293252251287
782,17323.540027086852,-0.0021646640682272227
783,17323.540256268734,-0.0002877789186281248
784,17323.540431373207,-0.0011313113678274164
785,17323.540431373207,-0.0020550282897766805
786,17323.540440899797,-0.00182598468612339
787,17323.54049268229,-0.0015572613734808173
788,17323.54049268229,-0.003150700524885925
789,17323.540732191315,0.001269110879635868
790,17323.5409353085,-0.0016149596303976811
791,17323.541046351987,-0.0009037909375811028
792,17323.54114414297,-0.0008270090980088893
793,17323.54114414297,-0.0011406800532767492
794,17323.541181922443,-0.0036104610737864497
795,17323.54143895359,-0.0014280177049192828
796,17323.541441628775,0.0005941655512136362
797,17323.541530280105,0.0016384219542966098
798,17323.541590044784,-0.0007857960943048106
799,17323.54172363387,-0.0009374841330982691
800,17323.54186284017,-0.0013343013083725076
801,17323.542138907826,-0.0003850301572763497
802,17323.54235413005,0.0032399423783430366
803,17323.54235413005,0.0024873379416816208
804,17323.542452037782,0.0015004503885287322
805,17323.542528173788,0.002936230589289081
806,17323.542606754818,0.003073354445020226
807,17323.542606754818,0.0035989015881164495
808,17323.542671342835,0.0009294493500489522
809,17323.542829879178,0.001191763028839844
810,17323.543093401484,0.003322041349234568
811,17323.54309392518,0.005577496093217829
812,17323.54309392518,0.0040924087834780815
813,17323.543222881057,0.00600891933113855
814,17323.543344088244,0.004789488162629559
815,17323.543344088244,0.0030133578661495214
816,17323.54347401813,0.002206468917593265
817,17323.543586272455,0.0014068516868645138
818,17323.54370802335,0.0027605073443603932
819,17323.54376913229,0.0017175437497444143
820,17323.543772971614,-0.000928393096841576
821,17323.543864921892,0.0015707618180115096
822,17323.544142847495,-0.0007015053737960547
823,17323.544166273703,0.0011149678066182528
824,17323.544216408387,-0.0010782272453321064
825,17323.544216408387,-0.0008874776703499086
826,17323.54435882691,-0.0002292379184207667
827,17323.544457495173,-0.00029309756602490314
828,17323.544615190935,-0.0048105212779794675
829,17323.544697728033,-0.0024329786634676304
830,17323.544955699832,-0.0011015083175857261
831,17323.544997065117,-0.005224080760657775
832,17323.54515272947,-0.003710027244560269
833,17323.5451754185,-0.007170358955715618
834,17323.545230233092,-0.0034348866922761616
835,17323.545282255745,-0.004719243687410057
836,17323.54539692841,-0.006218559362099991
837,17323.545424153912,-0.002986241983770739
838,17323.54583572531,-0.003096849555423142
839,17323.545891487218,-0.005317758495898462
840,17323.545914493134,-0.004737791836844677
841,17323.546117193364,-0.0038373794440242047
842,17323.546298488785,-0.002593465576845977
843,17323.54632639142,-0.0056191751676752475
844,17323.54633582795,-0.0071497844913226225
845,17323.54633582795,-0.0005302992246892235
846,17323.54647646858,-0.005834972774146739
847,17323.546610904916,-0.001493330643120832
848,17323.546639468008,-0.0031976859487007053
849,17323.546742309154,-0.002388730751162681
850,17323.546830033178,-0.0037600995252416794
851,17323.54688893059,-0.0003072076369437758
852,17323.547158550446,-0.0041200802856165755
853,17323.54732451526,-0.0012803112339544514
854,17323.54732451526,-0.001522733769016499
855,17323.547484489267,-0.002756197305550114
856,17323.54758590943,-0.00042303736103673287
857,17323.547586132918,-0.000889116473385923
858,17323.547586132918,-0.001342895490872382
859,17323.547800924847,-0.0005026268346979574
860,17323.547807796265,-0.002323419616816978
861,17323.54783062873,-0.0022691269561119594
862,17323.547889589518,-0.0018440665570715236
863,17323.548224214348,-0.0008745331506205198
864,17323.54844709854,-0.0008252811237571718
865,17323.54844709854,0.000579170014046981
866,17323.548451591647,-0.001577044418509416
867,17323.548532524303,-0.0026052494589458818
868,17323.54868204441,-0.000623301348333544
869,17323.548695687183,-0.002012016729121196
870,17323.54900018784,-0.00041750116753727466
871,17323.549041342976,-0.0013295675914358328
872,17323.549041342976,-0.00044823451154016834
873,17323.549076400563,-0.000742116009988374
874,17323.549289818206,0.0012766142887368631
875,17323.549450682825,-0.0037133676931813218
876,17323.54945726738,-0.0018228035672439042
877,17323.54945726738,0.0006935387608152811
878,17323.549462611078,-0.004372095798330842
879,17323.54979242258,0.0017181276112873886
880,17323.549814411122,-0.001404615263861658
881,17323.54981560528,-0.0009338974269214474
882,17323.54981560528,-0.0004104764744022795
883,17323.550144559522,-0.0023411840812966583
884,17323.550304310036,0.0015321667875668656
885,17323.550304310036,-0.0011631829076965364
886,17323.55039539972,-0.0001810068982265288
887,17323.550409406078,0.0026353402499874144
888,17323.550621219278,0.0014985101270951016
889,17323.550695453967,0.0022257812883328953
890,17323.550725781613,0.001102842736005201
891,17323.55088606917,0.0013177960009240746
892,17323.55108224155,0.005083950356640483
893,17323.551127662973,-0.005622669504911629
894,17323.55117440197,0.003491645161290323
895,17323.55148664465,-0.0004973835622943297
896,17323.551522449423,-0.0010735648703964137
897,17323.551522449423,0.003551709643282921
898,17323.551702700788,0.001435758852965533
899,17323.551875326877,0.001486599870969536
900,17323.55192136873,0.0012419214719080942
901,17323.551995553385,0.0009733859632540601
902,17323.55211035614,0.0004623156133162923
903,17323.55211035614,0.0016081379764719675
904,17323.552202072922,0.0011322987172375188
905,17323.552505329382,0.0026257302362733977
906,17323.552525560048,0.0028523006833442556
907,17323.552682805497,0.001080728440421919
908,17323.552797691642,0.002629386177347244
909,17323.55281973356,0.0002472686843104383
910,17323.55281973356,0.0014142918298538972
911,17323.552974313832,0.0013661420546857359
912,17323.553172067306,0.0018652956342768826
913,17323.553172067306,0.0023086323809523813
914,17323.55326628582,0.0015026190216597714
915,17323.553375991713,0.0025789474793454052
916,17323.553375991713,0.002839281894761662
917,17323.553527730022,0.003347200501888113
918,17323.553683464426,0.002551920077121578
919,17323.5537736735,0.0024803163270617637
920,17323.5537736735,0.00456929286343355
921,17323.553874853496,0.0018552861761236012
922,17323.55404033131,0.003711143756493193
923,17323.55404033131,0.0036296523259807013
924,17323.554057429803,0.00541008953035229
925,17323.554290744545,0.0048009129289199965
926,17323.55437216087,0.006251206776130521
927,17323.554521250677,0.006905513052920161
928,17323.55456443055,0.00246504836850861
929,17323.554782361316,0.007474092392774487
930,17323.55481426672,0.005267164833057038
931,17323.55481426672,0.006552035516792126
932,17323.55505042343,0.0062890508884798114
933,17323.555167197548,0.006922041937773427
934,17323.555264268038,0.006518038298393787
935,17323.555320063304,0.00563827122764614
936,17323.555490384464,0.00985532670855082
937,17323.55550120195,0.006551659262926054
938,17323.555632883046,0.007645446673548502
939,17323.555738285966,0.005653327144324417
940,17323.555852601716,0.00790816237774581
941,17323.55594031573,0.00811154179290679
942,17323.556016381688,0.009358786631683632
943,17323.556016381688,0.008790195431997196
944,17323.55623465269,0.005966485640771894
945,17323.556503708824,0.006984891121683653
946,17323.55663395893,0.009932549997668998
947,17323.556801187955,0.005107169267537336
948,17323.556801187955,0.012520748234223516
949,17323.55692234177,0.00448152082514232
950,17323.557061024378,0.008853708608179814
951,17323.55715375853,0.006898608457500566
952,17323.557209500428,0.004743346915732239
953,17323.557359610943,0.00822144958973532
954,17323.557431637437,0.007792151401415048
955,17323.557431637437,0.0081303328514838
956,17323.55759934012,0.008564079810630724
957,17323.557749940974,0.0031526661070309624
958,17323.557749940974,0.010605665181724056
959,17323.557875481158,0.005945852830666145
960,17323.558073474796,0.0008633610960564614
961,17323.558073474796,0.002269823137687567
962,17323.558289154007,0.00628311681747681
963,17323.558289154007,0.0110519998158108
964,17323.55849667757,0.011620231671554255
965,17323.5585032688,-0.0008283004314499527
966,17323.558634422865,0.010140003919418945
967,17323.558808610036,-0.005324284313401546
968,17323.558898155316,0.005927136180460965
969,17323.559029966505,0.011211737488017036
970,17323.55915014965,0.016176348108317848
971,17323.559257644014,-0.0024538106258734423
972,17323.559257644014,0.031187176838810636
973,17323.559352462944,-0.011119599562228404
974,17323.55951196662,0.012207576046035572
975,17323.55951196662,0.008023918641707855
976,17323.559637997143,0.01305029731676503
977,17323.55985879656,0.006041569736018559
978,17323.55994083665,0.008978518783676049
979,17323.55994083665,0.010326605615198652
980,17323.55994083665,0.012604735611070714
981,17323.560174511644,0.010462297406871233
982,17323.5602320281,0.013375093571502395
983,17323.560363785917,0.011718131981188533
984,17323.560454658782,0.01306314358216112
985,17323.560454658782,0.013921556381484183
986,17323.560454658782,0.013229524065499682
987,17323.560768048923,0.01924518351780562
988,17323.560877861557,0.017780613971787887
989,17323.560950351708,0.018068815869430772
990,17323.561112724037,0.0187178519099594
991,17323.56122482826,0.017347520580157053
992,17323.561303129092,0.021021546643621398
993,17323.561303129092,0.020930639375274205
994,17323.561475138093,0.022349191245625365
995,17323.561602232683,0.01906587505438025
996,17323.561602232683,0.021707657732363477
997,17323.561785195925,0.01944145373683979
998,17323.561785195925,0.025081816116182355
999,17323.561785195925,0.025152213005099584
1000,17323.562039975517,0.020467734207949437
1001,17323.562039975517,0.025975346866625802
1002,17323.562327137508,0.02402900708043764
1003,17323.562327137508,0.02615942504341673
1004,17323.56247940952,0.030068793643576504
1005,17323.56253210264,0.026618165591583247
1006,17323.56253210264,0.028641807916155185
1007,17323.56253210264,0.026803093144811184
1008,17323.56253210264,0.029479674797371583
1009,17323.56253210264,0.02351049379819363
1010,17323.56253210264,0.026962529940119752
1011,17323.562586246313,0.031731224874483384
1012,17323.56269453366,0.03403929985652093
1013,17323.56280282101,0.04232755524940742
1014,17323.562911108358,0.033850925201591095
1015,17323.563019395704,0.03930394525896277
1016,17323.563127683054,0.03641901860581507
1017,17323.5632359704,0.03923290321807394
1018,17323.56334425775,0.035255642216533135
1019,17323.5634525451,0.03955564263588271
1020,17323.563560832445,0.03274212875311994
1021,17323.563669119794,0.03221765010535874
1022,17323.56377740714,0.03485569120431542
1023,17323.56388569449,0.03325017474502428
1024,17323.56399398184,0.029783193435701717
1025,17323.564102269185,0.035495225773621186
1026,17323.564210556535,0.022625830088955447
1027,17323.56431884388,0.031921871107692935
1028,17323.56442713123,0.033490597807589007
1029,17323.56453541858,0.02759867366116231
1030,17323.564643705926,0.030570095676372637
1031,17323.564751993275,0.02055026753227559
1032,17323.56486028062,0.02335089340530088
1033,17323.56496856797,0.014238385075067882
1034,17323.56507685532,0.02298918480542788
1035,17323.565185142666,0.014145124608598646
1036,17323.565293430016,0.017059045355429577
1037,17323.565401717362,0.012495998771533387
1038,17323.56551000471,0.013584124518259605
1039,17323.56561829206,0.008414567798264952
1040,17323.565726579407,0.01660115492106209
1041,17323.565834866757,0.0025599332072307884
1042,17323.565943154106,0.013223764203556896
1043,17323.566051441452,0.0051588991420441176
1044,17323.5661597288,0.008454935619826767
1045,17323.566268016148,0.007047168789553238
1046,17323.566376303497,0.00210061056834834
1047,17323.566484590847,0.004237273982706683
1048,17323.566592878193,0.0048710817153717716
1049,17323.566701165542,0.0022349583387803705
1050,17323.56680945289,0.001693088114631841
1051,17323.566917740238,-0.0005444098925738716
1052,17323.567026027587,0.0010085429723925947
1053,17323.567134314933,0.000938365274164684
1054,17323.567242602283,-9.366157342427864e-05
1055,17323.56735088963,-0.0007211829528710814
1056,17323.56745917698,-0.001676524203232426
1057,17323.567567464328,-0.0033863343598294557
1058,17323.567675751674,-0.0030022234286868517
1059,17323.567784039024,-0.003995135218389782
1060,17323.56789232637,-0.003099046750812927
1061,17323.56800061372,-0.006819541666277122
1062,17323.56810890107,-0.008572961770536701
1063,17323.568217188415,-0.0027723593639960367
1064,17323.568325475764,-0.006205598064736667
1065,17323.56843376311,-0.002532617199578875
1066,17323.56854205046,-0.00766702351267964
1067,17323.56857729034,0.006200701456328853
1068,17323.56857729034,0.00604882711008619
1069,17323.56865033781,-0.008348807762987541
1070,17323.568708094168,-0.006541711820410245
1071,17323.568708094168,0.0015431652674126328
1072,17323.568758625155,-0.015868218185288056
1073,17323.568866912505,-0.004054997467936368
1074,17323.56897519985,-0.004039657020569569
1075,17323.5690834872,-0.01660440559333661
1076,17323.5690834872,-0.001404768223952406
1077,17323.5690834872,-0.0014876101872244724
1078,17323.569218607343,0.009208573595771728
1079,17323.569586411795,0.015147227288307412
1080,17323.56987875404,0.0026061357617771577
1081,17323.57006041638,-0.0029280172867153786
1082,17323.570098609467,-0.0046725560019971815
1083,17323.57014980155,0.003132991780614734
1084,17323.57017802441,0.011284897236614862
1085,17323.570204986394,0.0025447169523739044
1086,17323.5703000088,-0.008754491095058249
1087,17323.570413660756,-0.005144815467563332
1088,17323.570492908915,-0.00394327869491945
1089,17323.570492908915,-0.0052029627844577195
1090,17323.570684915077,0.0015229907185265526
1091,17323.5707286987,-0.003916495773106821
1092,17323.570783526633,0.002873078954824672
1093,17323.57109858459,-0.014704818145317197
1094,17323.571191792405,-0.009942974912836515
1095,17323.571208757476,-0.0027780880551186993
1096,17323.57121307046,0.003438583333333342
1097,17323.57159116536,-0.011400822750786077
1098,17323.57159116536,-0.006712979916620496
1099,17323.571683312442,-0.011897609035933482
1100,17323.57184379013,-0.007938263798138619
1101,17323.57198136197,-0.011284588705947646
1102,17323.57198783311,-0.016257231696390095
1103,17323.572103523147,-0.014129876388778675
1104,17323.572257666452,-0.023486198739214436
1105,17323.572257666452,-0.020210445020706735
1106,17323.57232811185,0.0017884223017880369
1107,17323.572358259375,0.001989849477298314
1108,17323.57258185406,-0.013040284378818216
1109,17323.57259262151,0.008939588873761041
1110,17323.572781919134,-0.01005181403345878
1111,17323.57290120499,-0.02287480587780356
1112,17323.573002585126,-0.016469745484602807
1113,17323.573063053624,-0.006882533951557426
1114,17323.57325225785,-0.003568690879932744
1115,17323.57330110831,-0.002286289743258344
1116,17323.573392097926,-0.010846169232265224
1117,17323.573451739187,-0.00586735295373041
1118,17323.573451739187,-0.011155001401906589
1119,17323.573572909678,-0.00955443726078618
1120,17323.57395587128,-0.003822057973886475
1121,17323.573968423298,-0.0029086277633937445
1122,17323.57402979242,-0.007056549297441209
1123,17323.57402979242,-0.006990693848970178
1124,17323.574148077583,-0.008024246037461158
1125,17323.57416642361,-0.004678482217055548
1126,17323.574317734954,-0.006993134560426828
1127,17323.574317734954,0.0022529633559288734
1128,17323.574373149957,-0.0021803868071481117
1129,17323.574422430716,0.01015267677964983
1130,17323.574603155743,-0.0029566827717482577
1131,17323.57492719992,-0.003955921358304873
1132,17323.574946129684,-0.008553029738287296
1133,17323.575008102554,-0.0193218679083133
1134,17323.575164674206,0.003547203461209167
1135,17323.575173820533,-0.0005619826450361451
1136,17323.57526822918,-0.0029248803094070602
1137,17323.57528164179,0.0005999567003813142
1138,17323.575452479978,-0.001922640924905454
1139,17323.575812275554,-0.007562777732147516
1140,17323.57584573537,-0.003547062766726443
1141,17323.57598497503,-0.007874623036266855
1142,17323.5761450958,-0.008964797437814184
1143,17323.57620023061,-0.0086493158222644
1144,17323.57623042483,-0.008929146555196783
1145,17323.57623042483,-0.006357864160590539
1146,17323.576384488082,-0.004002875848408166
1147,17323.57650892417,-0.013987149741591189
1148,17323.57650892417,-0.007372823640537457
1149,17323.576757939773,-0.009520575080411618
1150,17323.576854996914,-0.010223328071564043
1151,17323.57695915564,-0.013787500594606077
1152,17323.577002035305,-0.012470686903566813
1153,17323.577002035305,-0.00089128226582421
1154,17323.577165028066,-0.003193356341275322
1155,17323.577214882553,0.0003299930363480606
1156,17323.577324571772,-0.012036469165853929
1157,17323.577397955873,-0.024552715310302776
1158,17323.577409890797,-0.0051218727568160816
1159,17323.577517441867,0.005945469752605544
1160,17323.577752434434,-0.007783920359998165
1161,17323.577768235366,0.005577266740353364
1162,17323.577768235366,-0.008669468560317415
1163,17323.57779276567,-0.004705811908209869
1164,17323.57779276567,-0.0034472951188706663
1165,17323.577859351735,0.0016986588670435312
1166,17323.57793814291,-0.0008801931304441239
1167,17323.578015393017,-0.003712491093912246
1168,17323.578111179286,-0.003769491262672578
1169,17323.57828182734,0.0019113377689723762
1170,17323.57833624165,-0.005765263082267094
1171,17323.57834498103,0.0074176883571533195
1172,17323.57840912207,-0.0016551829259743422
1173,17323.578604043585,-0.004372891957364339
1174,17323.578775505535,-0.00018379533106356854
1175,17323.578775505535,-0.0055591906023101266
1176,17323.578924275123,-2.621670169023014e-05
1177,17323.578924275123,0.00015217047928761315
1178,17323.578972074858,-0.0002956473757521486
1179,17323.579073631783,0.0002650185406927125
1180,17323.57916700638,0.0007634728717716907
1181,17323.579748155087,-0.0007474324818676084
1182,17323.579982407147,0.00012561135870901375
1183,17323.58007305319,-6.19832930545336e-05
1184,17323.58010314067,0.0014242622983785614
1185,17323.580252157095,0.0009002136076851144
1186,17323.580525472844,0.0010823360580249144
1187,17323.580568539302,0.0010466327147948644
1188,17323.58068915608,7.931097222282045e-05
1189,17323.58077984215,-0.0006329145137880994
1190,17323.580830490522,0.0006941304131297993
1191,17323.58089012511,-0.00134775827958612
1192,17323.58106016608,0.0006101491733833501
1193,17323.58124157825,5.121685579850561e-05
1194,17323.581332287667,0.0006479839873985518
1195,17323.58133775145,-0.0008967179529823278
1196,17323.58136462671,-0.0010886427718318605
1197,17323.58145627011,-0.0019731330015219624
1198,17323.58176439994,-8.960357101970087e-06
1199,17323.582141183935,-0.000807472844352087
1200,17323.58229356602,-0.0023897859131665374
1201,17323.582407688304,-0.0013220944467665606
1202,17323.582447772704,-0.0013487280904549868
1203,17323.582582489234,0.00023544395839674055
1204,17323.582595541597,-0.002631684335966042
1205,17323.582758894605,-0.0016921869293608834
1206,17323.582770856214,0.001814439907725631
1207,17323.582770856214,-0.0027205218003473032
1208,17323.582834313445,-0.003753258941950907
1209,17323.582855948414,-0.0029412594172734414
1210,17323.582908351334,-0.002487749036318704
1211,17323.582908351334,0.0024519421876081082
1212,17323.583100497595,-0.0012326130379707988
1213,17323.58331162699,-0.0035870568048463284
1214,17323.583667243005,0.0018088027923604047
1215,17323.583667243005,-3.669619733151497e-06
1216,17323.583733729003,0.008644484075559896
1217,17323.583776058287,-0.005510422470578681
1218,17323.583905491163,0.010568992270629546
1219,17323.583905491163,-0.0021742555702785864
1220,17323.583905491163,-0.00988245115356631
1221,17323.58396847807,-0.0007329261138857325
1222,17323.58398501951,-0.007673121996047482
1223,17323.58398501951,-0.009325982134015705
1224,17323.584130633582,0.00038253312558035255
1225,17323.584819953794,0.0015943512759726657
1226,17323.585085010494,-0.0015685050774605046
1227,17323.585085010494,-0.006938129062544967
1228,17323.585112969835,-0.009459676227742509
1229,17323.585301560306,-0.005628257730891331
1230,17323.585369634064,-0.006275671627583218
1231,17323.585369634064,-0.009143393492341511
1232,17323.585498653323,-0.01390225826496714
1233,17323.585498653323,-0.010350075468866498
1234,17323.585510481505,-0.006159185603051006
1235,17323.585908486846,-0.007669211183500189
1236,17323.58592679618,-0.012167649967116712
1237,17323.586018322832,-0.013762467367666273
1238,17323.586018322832,-0.006500055136712639
1239,17323.586118448766,-0.011612697928901773
1240,17323.586118448766,-0.012747348325521698
1241,17323.58614121118,-0.008553469184796398
1242,17323.586464865086,-0.008633393349790894
1243,17323.58656855682,-0.006101948215042334
1244,17323.58661330778,-0.004460550493816176
1245,17323.58661330778,-0.004403466940092922
1246,17323.586682298843,-0.004603517399039799
1247,17323.586759705726,-0.0021744043272840484
1248,17323.586934336538,0.0008792452475950216
1249,17323.58704640073,0.0018517644323629984
1250,17323.58707895992,-0.0007342374903053436
1251,17323.587110915363,0.0049259750764178226
1252,17323.587209143316,0.003756436381549027
1253,17323.587652229846,0.005148346524080374
1254,17323.587779731388,0.007909792196688439
1255,17323.587858112278,0.007631538741349357
1256,17323.58795713745,0.009792947725647427
1257,17323.58814729567,0.015386339967571511
1258,17323.588205439228,0.004815147456923564
1259,17323.58824336213,0.009508527016050199
1260,17323.58824336213,0.008608665734212137
1261,17323.588303930697,0.01183401721874059
1262,17323.588551675424,0.006517968950440437
1263,17323.588551675424,0.013658217761247267
1264,17323.58866985051,0.009922823616622452
1265,17323.588698850574,0.0075484376240044886
1266,17323.58883440435,0.010990780065216858
1267,17323.588837016156,0.00907239762081545
1268,17323.589028058323,0.017474320149649773
1269,17323.589089260662,0.007776269745048799
1270,17323.589429736203,0.00998950191116314
1271,17323.589465227426,0.011318802909056177
1272,17323.589624684406,0.009136412226659979
1273,17323.58975717606,0.006861986994053951
1274,17323.58975717606,0.010716958521346756
1275,17323.589895902034,0.008753097729213663
1276,17323.590250417292,0.007227798265416852
1277,17323.590250417292,0.006202483190528449
1278,17323.59032695357,0.00882306650726154
1279,17323.590497114623,0.004801481818618888
1280,17323.591359611306,-0.0009629321289528099
1281,17323.591805980104,-0.0045302407745935955
1282,17323.591822598268,-0.0030977223997426598
1283,17323.59209472653,-0.0075367280086346446
1284,17323.59211283906,-0.0045669066930665025
1285,17323.592132616075,-0.0005352333271428852
1286,17323.592271902435,-0.00946388731464121
1287,17323.592391568553,-0.006501060625166718
1288,17323.59256441146,-0.0036947445291724904
1289,17323.59261304177,-0.006065111032252176
1290,17323.592713141017,-0.005668744739526468
1291,17323.59283355432,-0.00990926896600352
1292,17323.592962293384,-0.008043355893865501
1293,17323.592994555704,-0.0101571625456648
1294,17323.5930419585,-0.01144526378050752
1295,17323.5930419585,-0.005761680673946041
1296,17323.59323741038,-0.006893110667485665
1297,17323.59331305271,-0.008321744105902754
1298,17323.593349888193,-0.009389954008319155
1299,17323.593636973466,-0.005235602297765976
1300,17323.593869274173,-0.004477016113692696
1301,17323.594103446176,-0.0030050067103999916
1302,17323.594103446176,-0.0027301742300644086
1303,17323.594152466754,-0.0033320792549240367
1304,17323.594285849027,0.004223382048623059
1305,17323.59445371516,-0.002837951041625644
1306,17323.59459414898,-0.000963772761237448
1307,17323.59459414898,-0.0005146883324770278
1308,17323.59465344,-0.0025143283782627715
1309,17323.594658446793,-0.0006270976656970982
1310,17323.594860319787,-0.0016822788206729763
1311,17323.594860319787,-0.002191878480651145
1312,17323.594982394236,-0.0033796283154393578
1313,17323.59512695758,-0.006895801209094495
1314,17323.59512695758,-0.006496018376707796
1315,17323.5952657536,-0.008651475229655967
1316,17323.595281944803,-0.008280807751032647
1317,17323.59559859386,-0.008963612995108831
1318,17323.59559859386,-0.010514713855584747
1319,17323.595911527016,-0.009140604512255103
1320,17323.595946974874,-0.013906496435190232
1321,17323.595966781908,-0.011831081702367505
1322,17323.595966781908,-0.010795632208406118
1323,17323.59634255854,-0.01296259289990493
1324,17323.59634304221,-0.014081773818454614
1325,17323.59634304221,-0.012484496543588536
1326,17323.596424702035,-0.011178028457563216
1327,17323.596424702035,-0.011905751018068839
1328,17323.596424702035,-0.008815903376120534
1329,17323.596843318304,-0.009728280454214547
1330,17323.597073674333,-0.007647350630319783
1331,17323.597273018906,-0.008572580704816524
1332,17323.597273018906,-0.007284975518583998
1333,17323.597329898257,-0.004287886226169314
1334,17323.597552198713,-0.00695794711561102
1335,17323.597552198713,-0.005248930653027239
1336,17323.597634975977,-0.005601541487679853
1337,17323.597899835877,-0.004490468218501055
1338,17323.597977075977,-0.006780634162928543
1339,17323.597977075977,-0.006860574248680633
1340,17323.598157257296,-0.0030871255250209985
1341,17323.59824092184,-0.006861616924040845
1342,17323.598411179628,-0.0049558598344534854
1343,17323.598411179628,-0.00291539134885882
1344,17323.598550522693,-0.007965502409276355
1345,17323.59858167758,-0.006617938068494981
1346,17323.59871822204,-0.006822374098789344
1347,17323.59871822204,-0.007251441262804446
1348,17323.599049014218,-0.006216198817036788
1349,17323.599322216556,-0.009315157202982888
1350,17323.59933354773,-0.00911255716525309
1351,17323.599430981798,-0.0087925778410246
1352,17323.599473064245,-0.0060937502648894665
1353,17323.599477443942,-0.009362085618727159
1354,17323.599477443942,-0.008413921492725386
1355,17323.599752324106,-0.010818212273572166
1356,17323.599896784046,-0.007820007857804415
1357,17323.599953740115,-0.010540736499309495
1358,17323.600033451927,-0.00919493041653564
1359,17323.600143307925,-0.012288506699852951
1360,17323.600143307925,-0.006132914320168079
1361,17323.600344727267,-0.0071425545821666575
1362,17323.600534598623,-0.007859482244629543
1363,17323.600563201744,-0.007282151497045121
1364,17323.600563201744,-0.0062122852117845705
1365,17323.600747105636,-0.009615712436950915
1366,17323.600751171783,-0.006343415211240561
1367,17323.60095435568,-0.004723245646831797
1368,17323.601042576713,-0.002115909046572481
1369,17323.60115388705,-0.005507394090343037
1370,17323.60120552611,-0.002549509970221145
1371,17323.601352824677,-0.005335918213748115
1372,17323.601407108898,-0.005543660579061707
1373,17323.601637728443,-0.0033254329163265803
1374,17323.601681305256,-0.0027831428361160954
1375,17323.60178361937,-0.0009207662893216291
1376,17323.601852553726,-0.0009901251603273396
1377,17323.60204768872,-0.00019412503882149448
1378,17323.602069540506,0.0034803537255731105
1379,17323.602132987733,0.0008133991115928871
1380,17323.60231090415,0.0027260015650180554
1381,17323.60240123664,0.0014294958368453944
1382,17323.602424522753,0.005087568063811929
1383,17323.60252152986,-0.001726245024137943
1384,17323.60252152986,0.0027574894074027627
1385,17323.602721468178,-0.004032991972477064
1386,17323.602721468178,0.00025522927295917874
1387,17323.603031332546,-0.007803503071706359
1388,17323.603031332546,-0.0035778272217369747
1389,17323.603256301514,-0.0014973084902926703
1390,17323.60333803139,-0.01040291858388
1391,17323.60333803139,-0.007420304613870818
1392,17323.603467577675,-0.007085325905042766
1393,17323.603673430087,-0.015372915910045973
1394,17323.603828237185,-0.012412988907581548
1395,17323.603828237185,-0.013601617506371975
1396,17323.60389243493,-0.018559842797940467
1397,17323.6039984416,-0.014378854352863287
1398,17323.604120382624,-0.019955733605439785
1399,17323.60415891595,-0.014874645289624448
1400,17323.60415891595,-0.00942786384865531
1401,17323.604274976242,-0.024316347239253938
1402,17323.604583603083,-0.01523100201970333
1403,17323.604583603083,-0.01631671697494033
1404,17323.60478857155,-0.013225447973183356
1405,17323.60486047129,-0.01870692376312902
1406,17323.605018587343,-0.008241403097846621
1407,17323.605018587343,-0.02130970906562657
1408,17323.605278313687,-0.004478214131797165
1409,17323.605296783135,-0.011715098940552773
1410,17323.605296783135,-0.003306662368017804
1411,17323.60565073133,-0.007422299755777245
1412,17323.60565073133,8.359738048879274e-05
1413,17323.60576851281,-0.010325825993020413
1414,17323.60576851281,-0.008549485819987112
1415,17323.60576851281,-0.0064418766667959995
1416,17323.60576851281,-0.0024577714362184182
1417,17323.60618969419,-0.009265459282840116
1418,17323.60618969419,-0.007548225623427756
1419,17323.606451338528,-0.008693324010252391
1420,17323.606451338528,-0.000917588687512448
1421,17323.60660309685,0.0006250782913889098
1422,17323.606677198113,0.0003067781582358079
1423,17323.60679330177,-0.0009430568823478227
1424,17323.60679330177,-0.0036520341571111515
1425,17323.60706109703,0.001801283759953459
1426,17323.60720130403,-0.005030466788638546
1427,17323.60720130403,0.003504730974127587
1428,17323.607261832567,-0.0031609245578374336
1429,17323.607403457212,0.0008405198847883325
1430,17323.607436840306,0.0009644232850046265
1431,17323.607643903553,-0.000844871636714443
1432,17323.60774788549,-0.002821435296311259
1433,17323.60789509733,-0.0005222038462347079
1434,17323.607986377145,0.00041766530042070286
1435,17323.608074644875,1.2094351206805212e-05
1436,17323.608254462608,-0.0015291326409061089
1437,17323.608277588606,-0.0014859669582540196
1438,17323.608277588606,-0.0008468071364203834
1439,17323.608535133444,-0.001796745673605106
1440,17323.608650413196,-0.0010095025209840179
1441,17323.608650413196,-0.00043393726759349263
1442,17323.608828306264,-5.194185278978953e-05
1443,17323.608828306264,-0.0007054695108645401
1444,17323.608828306264,-0.00013419511695539474
1445,17323.609204733344,-0.0028059103868724386
1446,17323.609204733344,-0.0017071282942401102
1447,17323.609367956265,-0.0001343033661223244
1448,17323.609367956265,-0.0007405320029993446
1449,17323.609367956265,-9.895615588215037e-05
1450,17323.609367956265,-0.00012199456325350704
1451,17323.609951626717,-0.0009480602478323277
1452,17323.610086376604,-0.0007156656596809426
1453,17323.610122601665,-0.0025360278649921505
1454,17323.610174384157,0.001155141625734091
1455,17323.610174384157,0.0009719475837793113
1456,17323.610427949574,0.00011928142400064422
1457,17323.610427949574,-0.001010490584163421
1458,17323.61079235834,-0.00020046854807785792
1459,17323.61079235834,0.00043232488773349044
1460,17323.61079895624,0.0005671114209965904
1461,17323.61079895624,0.00040503515688946647
1462,17323.61079895624,-3.9208006417544225e-05
1463,17323.61079895624,0.0005856461606730135
1464,17323.61079895624,0.0004132841250612633
1465,17323.611468422714,-0.0006358505869797203
1466,17323.611607649033,0.003514720695976003
1467,17323.611607649033,0.0020243109579023543
1468,17323.611607649033,0.002561057642186268
1469,17323.61166538219,0.002541485868061362
1470,17323.6117808485,0.0008356838713511564
1471,17323.61189631481,0.0036807481830903217
1472,17323.612011781122,0.0008301173526495606
1473,17323.612127247437,0.002813271223797719
1474,17323.61224271375,-0.0017886713529930431
1475,17323.61235818006,-0.0010455741690605092
1476,17323.61247364637,-0.0010726772876906744
1477,17323.612589112683,-0.0014113790834220652
1478,17323.612704578994,-0.0006208299099008281
1479,17323.612820045306,-0.0016949448799816018
1480,17323.612935511617,-0.0006963550745405118
1481,17323.61305097793,-0.0069680279941065106
1482,17323.613166444244,-0.00521221279027325
1483,17323.613281910555,-0.006719765340925107
1484,17323.613397376866,-0.010619408106903
1485,17323.613512843178,-0.004478617339568763
1486,17323.61362830949,-0.009036512568887083
1487,17323.6137437758,-0.007237604919708367
1488,17323.613859242112,-0.005810411009922668
1489,17323.613974708423,-0.0074437075383051825
1490,17323.614090174735,-0.008374712864507049
1491,17323.61420564105,-0.0055112517426888705
1492,17323.61432110736,-0.003306260985781219
1493,17323.614436573673,-0.0025159229240365316
1494,17323.614552039984,-0.005168487359901282
1495,17323.614667506296,-0.0015181454870039739
1496,17323.614782972607,-0.005120348376899123
1497,17323.61489843892,-0.006394646928043389
1498,17323.61501390523,0.004987821939875483
1499,17323.615129371545,-0.0036293986204292625
1500,17323.615244837856,-0.004712535670195077
1501,17323.615360304168,-0.0056229827786647354
1502,17323.61547577048,-0.00873257938105924
1503,17323.61559123679,-0.009664960672928196
1504,17323.6157067031,-0.009387071602867603
1505,17323.615822169413,-0.006731106185320988
1506,17323.615937635725,-0.006742604526504971
1507,17323.616053102036,-0.008277658704344014
1508,17323.61616856835,-0.008865381292914323
1509,17323.616284034662,-0.009928613385980844
1510,17323.616399500974,-0.011941990030757365
1511,17323.616514967285,-0.011170087259548916
1512,17323.616630433597,-0.013176739880898692
1513,17323.616745899908,-0.008242230125716484
1514,17323.61686136622,-0.00815181216376402
1515,17323.61697683253,-0.00844357298548333
1516,17323.617092298842,-0.005986865105322403
1517,17323.617207765157,-0.0051377132451278715
1518,17323.61732323147,-0.005438168831578341
1519,17323.61743869778,-0.006251240492316524
1520,17323.61755416409,-0.0011598971844922167
1521,17323.617669630403,-0.0031209464578218268
1522,17323.617785096714,0.0010222584328808543
1523,17323.617900563026,-0.0008184317857277933
1524,17323.618016029337,-0.0005381871513710709
1525,17323.618131495652,0.003075224660038227
1526,17323.618246961963,0.0019420253814609514
1527,17323.618362428275,0.0020732977842740866
1528,17323.618477894586,0.0053924131423780525
1529,17323.618593360898,0.0002164514802148118
1530,17323.618593360898,0.005254390881017255
1531,17323.618593360898,0.004077765532208108
1532,17323.618593360898,0.005341254700638311
1533,17323.618593360898,0.0061723258702616034
1534,17323.61990942469,0.009795260570590776
1535,17323.619977755297,0.008422675044787296
1536,17323.620036038952,0.006727691483209737
1537,17323.620036038952,0.008073776446784163
1538,17323.620103782483,0.0049376486020486846
1539,17323.620183761148,0.006023246241501051
1540,17323.62039943702,0.011177554318832762
1541,17323.620434517954,0.0003881625543349712
1542,17323.620531485038,0.006530790323032953
1543,17323.62056375403,0.012065931857820369
1544,17323.62057303712,0.010165864460373372
1545,17323.62065874641,0.014083984256465853
1546,17323.620956122137,0.011118427013958404
1547,17323.620985288984,0.005556823066815535
1548,17323.621291717638,0.023997342357401846
1549,17323.621710497355,0.02319497891971169
1550,17323.62172909689,0.0037517032263235245
1551,17323.62172909689,0.018942559806116022
1552,17323.62203977515,-0.0004137175681514678
1553,17323.622070423018,0.021386848960100208
1554,17323.62210367269,0.009585426918513648
1555,17323.62222778188,0.007193862683141705
1556,17323.62222778188,0.007066071106384811
1557,17323.622490903912,0.009115381647395428
1558,17323.622592427477,0.004917695066393696
1559,17323.622607798112,0.015447767932564839
1560,17323.622607798112,-0.0011578937480683435
1561,17323.62275031337,0.01624390318165213
1562,17323.62289005338,0.014344436978574134
1563,17323.623275750208,-0.004388416646218994
1564,17323.623303956385,5.7310030493744335e-05
1565,17323.62338859494,-0.007957691470453797
1566,17323.62338859494,-0.009473940192120618
1567,17323.623519015164,-0.003340877173416079
1568,17323.623566344573,-0.006203005935781221
1569,17323.623662210895,-0.015574495611813302
1570,17323.6238982175,-0.012299086329225592
1571,17323.624216047378,-0.01545753102292561
1572,17323.624216047378,-0.003580169315003559
1573,17323.624237482207,-0.012572026412339964
1574,17323.624237482207,-0.011111120451240544
1575,17323.624716220067,-0.02141986499320443
1576,17323.624728892166,-0.005056712143980881
1577,17323.62473453607,-0.013862495403486247
1578,17323.625023075685,-0.006796018143442242
1579,17323.625050698127,-0.008898746057139084
1580,17323.625050698127,-0.0011403979498070954
1581,17323.62508159617,-0.0002553294348252265
1582,17323.62508159617,-0.0011550586322258624
1583,17323.62515941667,0.002430445042849602
1584,17323.62526840874,0.004059583886294155
1585,17323.625300774464,0.00929433310255466
1586,17323.62565734781,0.006152114383301469
1587,17323.625663358634,0.0070533548238271
1588,17323.625739894916,0.00912235815166232
1589,17323.625753037344,0.004234054202940284
1590,17323.62583815623,0.005106179541936337
1591,17323.62599918096,0.006557968426927642
1592,17323.62609080101,0.007021105001746155
1593,17323.62611036788,0.010546729331740536
1594,17323.62614950162,0.009195566147351933
1595,17323.62638283304,0.013452499271760492
1596,17323.62640758016,0.009060845105945424
1597,17323.626444452337,0.012858405479775785
1598,17323.626853808863,0.011739055721098993
1599,17323.626854742844,0.015856042357280584
1600,17323.62686785191,0.013432185372667427
1601,17323.626989612814,0.017351633570894275
1602,17323.62702019397,0.01951645122472352
1603,17323.627044534143,0.007187576772116951
1604,17323.627104408897,0.033429298439240064
1605,17323.627104408897,0.025048870438493853
1606,17323.62742680193,0.02764597879251937
1607,17323.62742680193,0.025285709231581383
1608,17323.627526991244,0.023556231635014746
1609,17323.627734274643,0.021856422244907456
1610,17323.62786539869,0.023893365545346094
1611,17323.627943349282,0.021316229086312068
1612,17323.627943349282,0.022373699800451535
1613,17323.62802021579,0.01830591408106041
1614,17323.628099087022,0.0234143452265332
1615,17323.628454943206,0.021747220295288614
1616,17323.628454943206,0.021194621412490275
1617,17323.628839682704,0.019282145236456494
1618,17323.628868385895,0.018862098433818038
1619,17323.629006401374,0.014013172779181514
1620,17323.629006401374,0.013822382115962237
1621,17323.629062316726,0.01588528295153023
1622,17323.62943063153,0.016294241518373435
1623,17323.62947658665,0.008798475067356
1624,17323.62947658665,0.014354329384087754
1625,17323.629733854632,0.009447901950073456
1626,17323.629756783826,0.008388098334560147
1627,17323.63012315395,0.014056364047393818
1628,17323.63012315395,0.012802823326120878
1629,17323.63012315395,0.013006453133400302
1630,17323.630221328538,0.007796128151464474
1631,17323.630221328538,0.008335008926292492
1632,17323.630221328538,0.012990454946362168
1633,17323.630229614268,0.006977210188586571
1634,17323.630229614268,0.004276733235752662
1635,17323.63051903449,0.004748918104507782
1636,17323.631034941398,-0.0022686240667211324
1637,17323.631034941398,0.007434732771956248
1638,17323.631034941398,0.005210462391282866
1639,17323.631034941398,0.01098060402912377
1640,17323.631034941398,0.010681290734852484
1641,17323.631034941398,0.009348169626563974
1642,17323.631842786937,-0.003130436582987596
1643,17323.632085211317,-0.0005659290234804326
1644,17323.63216480972,-0.0009217948662600707
1645,17323.63216480972,0.00047738966629003177
1646,17323.63216480972,0.0007499908446019984
1647,17323.632505351972,-0.0031030113880820623
1648,17323.632512566965,-0.00654683033447518
1649,17323.63266101633,-0.011383472428749722
1650,17323.63266101633,-0.001826108504274112
1651,17323.632989890513,-0.0012995356584353905
1652,17323.63308438255,-0.006975551830823799
1653,17323.633298457316,-0.007644598298653708
1654,17323.63343735674,-0.0035069286116154244
1655,17323.63343735674,-0.0015429130687425255
1656,17323.63381183247,-0.0033381753818897686
1657,17323.63390711839,-0.008169047995580467
1658,17323.63390711839,0.0003828775341249528
1659,17323.634037128333,-0.0018937427205745448
1660,17323.63417160803,-0.0014835305918128247
1661,17323.634430970797,-0.003919462591770954
1662,17323.634430970797,-0.0012122357009698194
1663,17323.6344473121,-0.0008655883244758876
1664,17323.6345293155,0.0005270353922266144
1665,17323.634592339098,-0.0017642362836859798
1666,17323.634667014092,-0.0004024970485284052
1667,17323.63493655723,-0.002945991225619799
1668,17323.634990731374,-0.002151674836949183
1669,17323.634990731374,-0.0006294388803708365
1670,17323.635004327447,-0.0013298730046429341
1671,17323.635004327447,0.0019505760207436523
1672,17323.635066343682,-0.00405729255439558
1673,17323.635066343682,0.00048552227786056307
1674,17323.6351702489,-0.0014280792769258387
1675,17323.6351702489,0.0021909331992297464
1676,17323.635388289742,0.002159934986047404
1677,17323.635495130322,0.0011126804419883916
1678,17323.636175724492,0.0025377236738127404
1679,17323.636175724492,0.007010704438300237
1680,17323.63622393118,-0.0003286375425784818
1681,17323.636290767416,0.0013791834710989524
1682,17323.636290767416,0.0013640175308505895
1683,17323.63629913654,0.0017159364184777294
1684,17323.63629913654,0.0035006382858017836
1685,17323.63629913654,0.007726366758706468
1686,17323.63629913654,0.004402035730181367
1687,17323.637058041553,0.0037842090740938857
1688,17323.637058041553,0.006029638488120399
1689,17323.637058041553,0.006033539446057685
1690,17323.637425622514,0.0012062013893322805
1691,17323.637425622514,0.008823930113759409
1692,17323.637425622514,0.006927498925844565
1693,17323.637712717795,0.005802872465312425
1694,17323.637716713893,0.0014335879685207428
1695,17323.637716713893,0.0018366640777190274
1696,17323.637716713893,0.0005643864810854163
1697,17323.637716713893,0.004398821734840045
1698,17323.63788052055,0.002168260080655039
1699,17323.63788052055,0.003248748717178125
1700,17323.63788052055,0.007230910795524872
1701,17323.63788052055,0.00721770694718587
1702,17323.638293793123,0.007272167951253708
1703,17323.638503368107,0.004220444740133988
1704,17323.638672972105,0.004732624758540433
1705,17323.639031593535,-0.0019012252317985355
