17323.53323,
17323.53337,-0.893866108
17323.53354,1.979621328
17323.53354,-0.993456561
17323.53387,-0.004277894
17323.53391,0.289943519
17323.53404,-1.279060304
17323.5341,1.31234401
17323.53417,1.043313119
17323.53418,0.757963421
17323.53435,0.937601682
17323.53436,0.948359825
17323.53439,0.581609581
17323.53457,0.98475765
17323.53461,0.625712701
17323.53467,1.255579109
17323.53469,0.803015813
17323.53493,1.044410259
17323.53493,0.929506048
17323.53493,0.813539166
17323.53501,1.086871074
17323.53503,0.38773901
17323.53507,-0.602855863
17323.53509,-1.322339875
17323.53533,-0.9668706
17323.53549,-0.5001706
17323.53558,-0.046037958
17323.53561,-0.081315276
17323.53573,-1.052976029
17323.53577,0.081379335
17323.53589,-0.26000862
17323.53592,-0.383224165
17323.53602,0.799191736
17323.53602,1.138241208
17323.5361,0.299808138
17323.53624,-0.105576294
17323.53635,1.037258877
17323.53644,0.878784572
17323.53666,1.072257492
17323.53673,0.789777799
17323.53675,-0.299165732
17323.53675,-0.198426826
17323.53681,0.517303615
17323.53685,0.315225279
17323.53714,0.737084224
17323.53718,0.433619329
17323.53731,0.098713199
17323.53734,-0.79230789
17323.53753,0.343819777
17323.53766,-1.603677247
17323.53768,0.882921057
17323.53771,1.258233813
17323.53776,-0.129281581
17323.53779,-1.480744497
17323.53784,0.241395957
17323.53815,0.579880979
17323.53825,-0.3252305
17323.53833,-0.422724519
17323.53834,-0.324161693
17323.53837,0.271207048
17323.53845,0.877786413
17323.53851,-0.252339973
17323.5386,1.719936121
17323.5386,1.764621078
17323.53873,1.959500188
17323.53901,2.027602579
17323.5391,1.632990902
17323.5391,1.602348973
17323.53917,1.551355033
17323.53928,1.587799989
17323.53928,1.724392206
17323.53943,1.806680888
17323.53954,1.494702985
17323.53959,2.11270819
17323.53964,1.838214437
17323.53975,1.558077646
17323.53976,0.973358181
17323.53986,0.766297163
17323.5399,0.972546788
17323.53994,-1.085467275
17323.53994,0.945918422
17323.53996,1.365904468
17323.54015,0.025466393
17323.54025,1.644776142
17323.54032,2.103174389
17323.54032,-1.062822336
17323.54033,-0.323982919
17323.54043,1.146218456
17323.54049,1.018706131
17323.5406,-0.180632512
17323.54089,2.024881003
17323.54091,-1.231535909
17323.54103,-0.555200753
17323.54103,1.362942023
17323.54108,1.947156738
17323.54108,-1.099190862
17323.54121,1.811371335
17323.54126,0.612059078
17323.54138,0.92070509
17323.5415,0.720485684
17323.5415,0.3111518
17323.54151,1.468318394
17323.54164,0.041649827
17323.54168,0.313943285
17323.54178,0.581530089
17323.54189,0.663140149
17323.54194,0.76365633
17323.54195,0.674206793
17323.54204,1.026350415
17323.54209,0.273300781
17323.54236,0.646920793
17323.54239,0.64329151
17323.54243,1.327230377
17323.54244,0.257380026
17323.54249,0.955034653
17323.54266,1.268174168
17323.54271,1.534154012
17323.54276,1.369651117
17323.54281,0.96410782
17323.54296,1.755827538
17323.54316,1.163329882
17323.54318,0.117795146
17323.54322,1.111596691
17323.54322,0.284958569
17323.54347,0.721568694
17323.54351,-0.429676436
17323.54351,-0.064856166
17323.54359,0.233118858
17323.54366,-0.62103544
17323.54379,-1.031104118
17323.5438,0.175524629
17323.54387,0.827094984
17323.54388,0.02575417
17323.54398,0.524535824
17323.54408,0.035848516
17323.54421,0.441872331
17323.54428,0.06497897
17323.54431,-0.376998789
17323.54448,0.313782254
17323.5448,-0.291232965
17323.54483,-0.435004606
17323.54488,-0.57278472
17323.54514,-0.549718077
17323.54518,1.031359438
17323.54521,0.271468128
17323.54521,1.603793309
17323.54521,1.869501719
17323.54549,1.600261734
17323.5457,1.422250352
17323.54575,1.282338902
17323.5458,1.095935905
17323.54581,2.38632586
17323.54585,1.855483864
17323.54591,2.501690567
17323.5461,1.804596709
17323.54613,1.448913153
17323.54613,1.12595557
17323.54624,1.25243289
17323.54626,2.504091822
17323.54645,2.303890689
17323.54652,2.354041832
17323.54652,0.907610333
17323.5467,1.325392877
17323.54672,0.97579258
17323.54689,1.932234907
17323.54701,1.566224169
17323.54718,1.341118178
17323.54719,1.595550768
17323.54722,1.742544243
17323.54725,1.398531269
17323.54735,1.635043676
17323.54747,1.102553069
17323.54761,1.315195224
17323.54768,1.244987367
17323.54789,1.131629246
17323.54789,0.804655837
17323.5479,0.808114608
17323.54804,0.567345971
17323.54809,0.583633988
17323.54846,0.599779359
17323.54851,1.786434275
17323.54853,2.714020546
17323.54869,2.607240501
17323.54879,1.801934382
17323.54884,1.46972861
17323.54885,2.96618643
17323.54905,2.25633458
17323.54916,3.275274298
17323.54918,2.783527341
17323.54918,1.943541072
17323.54924,2.392538614
17323.54933,1.868972393
17323.54956,2.442999694
17323.54957,5.337821683
17323.54969,3.673085096
17323.54973,5.800451885
17323.54986,5.883011902
17323.54993,4.909095246
17323.54996,4.474952423
17323.55,4.18212892
17323.55024,4.826407451
17323.55029,8.122839973
17323.55039,6.23906217
17323.55058,9.268837122
17323.55061,9.545254728
17323.55064,9.609542746
17323.55064,10.0219879
17323.55077,10.12231265
17323.55084,9.242946423
17323.55101,8.664449977
17323.55105,8.126908665
17323.55105,9.814312342
17323.55113,10.88389511
17323.55118,11.06857373
17323.55134,11.12023765
17323.55134,10.82543059
17323.55153,11.30330808
17323.55166,10.08331162
17323.55168,9.109803045
17323.55178,8.607319306
17323.55181,7.634235269
17323.55193,8.235639097
17323.55194,7.582392943
17323.55212,7.427276241
17323.55219,8.136470074
17323.55221,7.061178836
17323.5524,8.179863894
17323.55242,6.144992788
17323.55246,5.347791648
17323.55259,8.092853447
17323.55269,5.391592344
17323.55274,6.235071172
17323.55285,5.685699615
17323.55304,6.375291028
17323.55306,6.126496804
17323.55313,5.970785313
17323.55326,6.581684704
17323.55339,7.189669863
17323.55343,8.111629601
17323.55343,9.296645265
17323.55353,10.21143573
17323.55371,9.752380997
17323.55373,5.926353517
17323.55388,7.899857679
17323.55396,5.174290924
17323.55408,5.760341566
17323.55417,6.693295477
17323.55419,6.932785178
17323.5543,6.756472956
17323.55446,6.463054575
17323.55448,7.088995516
17323.55448,7.550065748
17323.55467,8.550645551
17323.55477,8.853562697
17323.55492,9.549466808
17323.55494,9.62839232
17323.55498,9.920038214
17323.55516,10.05270523
17323.5552,10.10554341
17323.55524,10.03625248
17323.55531,10.04120756
17323.55548,10.59684677
17323.55561,11.7384103
17323.55568,12.61506899
17323.55575,13.37041854
17323.55588,14.28164498
17323.55602,15.60455884
17323.55615,17.21810838
17323.55619,17.65771381
17323.5562,18.13643619
17323.55626,18.0729307
17323.55638,18.43995885
17323.5565,18.737796
17323.5566,18.9777257
17323.55668,20.41331966
17323.55676,20.94393791
17323.55679,21.56643037
17323.55698,21.28376508
17323.55708,22.28034052
17323.55717,22.24925383
17323.5572,22.12461454
17323.5572,21.81137526
17323.55745,23.00558001
17323.55751,24.18947296
17323.5576,24.11500891
17323.55762,23.402365
17323.5578,23.25136953
17323.55785,24.71161711
17323.55798,26.17156253
17323.55823,26.6993268
17323.55831,25.87581819
17323.55832,24.47530844
17323.55848,22.81319146
17323.55856,21.54082949
17323.55867,21.60660861
17323.55873,23.26871738
17323.55879,25.09447043
17323.55892,25.64471861
17323.55904,24.76346148
17323.55911,23.15684393
17323.55921,21.19928206
17323.55933,19.39972495
17323.5594,18.73093565
17323.55952,19.40002653
17323.55963,20.35002884
17323.55963,18.10706269
17323.55974,19.56365468
17323.55977,17.12796447
17323.55987,18.40273154
17323.55994,19.36602406
17323.56,19.06051816
17323.56014,17.31586089
17323.56017,15.81330131
17323.56033,15.08232059
17323.56043,14.09983489
17323.56047,13.97178058
17323.56057,13.69226369
17323.56068,14.6675436
17323.56078,13.75727422
17323.5609,13.04253668
17323.56098,11.30173678
17323.56109,10.34689583
17323.56119,9.159451106
17323.5613,8.536009945
17323.56141,8.933014952
17323.56146,9.301252834
17323.56157,9.427807631
17323.56166,8.551442121
17323.56174,8.429179914
17323.56187,7.848670627
17323.56195,7.556556652
17323.56202,6.861016527
17323.56213,8.075843452
17323.56221,12.79467926
17323.56223,16.91899574
17323.56241,19.60348492
17323.56251,16.38900474
17323.56259,14.76531682
17323.56266,13.24415999
17323.56274,14.33043375
17323.56293,14.19281786
17323.56294,13.63316397
17323.56308,12.66065388
17323.56315,11.46526265
17323.56325,11.22931828
17323.56325,11.66304683
17323.56333,12.54891419
17323.56346,12.17240717
17323.5635,10.75025644
17323.56354,9.755178732
17323.56368,10.07711912
17323.56376,11.85728595
17323.56384,12.647429
17323.56394,12.45210223
17323.56403,11.38656492
17323.56413,10.79253951
17323.56425,11.65416322
17323.5644,13.28417519
17323.56444,15.75062692
17323.56453,16.21200884
17323.56464,15.36672133
17323.56477,13.86672856
17323.56485,14.41478967
17323.56494,16.56295785
17323.56502,18.9326094
17323.56512,20.85474422
17323.56521,21.13250817
17323.56537,20.53423036
17323.5655,18.56487923
17323.56556,17.07661878
17323.56564,16.67372682
17323.56564,17.26569419
17323.56582,18.36180407
17323.56591,18.46469789
17323.566,18.30450728
17323.56605,17.23666168
17323.56626,16.74888336
17323.56634,16.14752004
17323.56644,17.13365891
17323.56652,18.13486628
17323.56661,18.45239213
17323.56663,13.72220991
17323.5667,16.57575551
17323.56691,12.03497307
17323.56694,11.70961156
17323.56703,12.3805275
17323.56703,11.97296594
17323.56717,12.41190033
17323.56735,11.37638347
17323.56747,11.14340147
17323.56759,11.76914246
17323.5676,11.19443656
17323.56766,11.63911835
17323.56773,10.08252933
17323.56785,9.431802494
17323.56795,8.222522502
17323.56815,6.861786951
17323.5682,5.88662308
17323.56821,6.519756813
17323.5684,7.563191472
17323.56849,8.462824376
17323.56849,7.365110986
17323.56871,8.040046762
17323.56874,6.05947259
17323.5689,6.382118974
17323.56902,5.786441099
17323.56925,6.412620701
17323.56926,7.98772781
17323.56928,7.710103239
17323.56934,7.103096512
17323.56938,7.02130767
17323.56952,6.017314733
17323.56972,5.910721447
17323.56973,6.087882897
17323.56976,6.013041077
17323.56989,5.288725031
17323.5701,4.35680463
17323.5701,4.672259385
17323.57013,6.632770066
17323.57014,9.197938139
17323.57036,10.77869728
17323.57042,10.33667482
17323.57052,8.825860973
17323.57075,7.938989712
17323.57081,10.53183358
17323.5709,9.107621212
17323.57096,7.62161383
17323.571,12.1811242
17323.57109,12.71056936
17323.57129,12.60062651
17323.57142,14.50207464
17323.57145,13.45232439
17323.57161,16.24869831
17323.57169,17.18132615
17323.57178,17.35432451
17323.57179,17.70917724
17323.57179,16.980373
17323.57199,17.00108778
17323.57208,17.66345878
17323.57216,17.18562562
17323.57237,15.13688463
17323.57242,11.99269831
17323.57259,13.71233411
17323.57262,12.11463251
17323.57281,11.77805947
17323.57286,9.327887325
17323.57301,11.47766423
17323.57315,7.317458936
17323.57336,6.554062336
17323.57336,10.80290514
17323.57341,7.995933416
17323.57354,11.61486295
17323.57365,10.9159827
17323.5737,7.723808029
17323.57384,5.855751825
17323.57387,5.395796904
17323.574,4.715660657
17323.57402,4.783068598
17323.57409,3.378443246
17323.57411,3.639933057
17323.57428,5.37293777
17323.57434,3.461259329
17323.57447,3.650525174
17323.57447,1.987604216
17323.57466,2.767994671
17323.57474,2.413417951
17323.57475,3.349500957
17323.57491,1.817679652
17323.57501,4.241903195
17323.57509,4.118664782
17323.57519,4.081936061
17323.57529,4.020127462
17323.5755,4.10763495
17323.57551,4.003039469
17323.57582,4.518893105
17323.57588,4.950885941
17323.57589,4.574946623
17323.57602,4.572766408
17323.57624,6.655144604
17323.57624,5.014098402
17323.57628,5.296267993
17323.57655,7.337244564
17323.57671,8.048838871
17323.57675,7.604914996
17323.57683,8.029334278
17323.57704,8.991184694
17323.57704,10.56026669
17323.57726,11.79865738
17323.57726,12.00598198
17323.5776,12.16250511
17323.57777,11.87836812
17323.57779,13.71885383
17323.57779,16.64057826
17323.57781,17.5876755
17323.57792,15.94540281
17323.57792,15.51364228
17323.57792,15.71247429
17323.57825,17.11808608
17323.57829,18.54374512
17323.57838,19.37371068
17323.57847,20.28957748
17323.57856,21.07909086
17323.57865,20.23923281
17323.57874,18.89733361
17323.57882,16.82569568
17323.57891,15.71874737
17323.579,13.92448281
17323.57909,12.65044876
17323.57918,11.6124558
17323.57927,11.27805058
17323.57935,11.46122991
17323.57944,11.55435512
17323.57953,11.8000032
17323.57962,11.40167661
17323.57971,10.58954633
17323.5798,9.494635426
17323.57988,8.592644328
17323.57997,8.284173419
17323.58006,8.238604792
17323.58015,8.016356563
17323.58024,7.586851206
17323.58033,6.941716373
17323.58041,6.520239158
17323.5805,5.905197831
17323.58059,5.07196739
17323.58068,3.898924604
17323.58077,3.054632366
17323.58086,2.809922333
17323.58094,2.916605316
17323.58103,2.758676611
17323.58112,2.251088598
17323.58121,1.898869448
17323.5813,1.622753719
17323.58139,1.725210263
17323.58148,1.617200855
17323.58156,1.620715359
17323.58165,1.073797648
17323.58174,0.549596861
17323.58183,0.239562162
17323.58192,0.421696977
17323.58201,0.524022802
17323.58209,0.197085785
17323.58218,-0.422385326
17323.58227,-0.731825098
17323.58236,-0.769518058
17323.58245,-0.62003991
17323.58254,-0.532629406
17323.58262,-0.582402662
17323.58271,-0.930105889
17323.5828,-1.245195117
17323.58289,-1.250821819
17323.58298,-0.667894603
17323.58307,-0.336815073
17323.58315,-0.493839167
17323.58324,-0.794069747
17323.58333,-0.946919774
17323.58342,-0.413832506
17323.58348,-0.03085241
17323.58351,0.298875693
17323.58358,0.54357282
17323.5836,-0.083739826
17323.58362,0.496826025
17323.58368,-0.082034361
17323.58368,-0.555868218
17323.5837,-0.246251282
17323.58389,-0.069164614
17323.58399,-1.171266819
17323.58425,-0.883512883
17323.58426,-0.713357961
17323.58432,-1.339654329
17323.58444,-1.149530561
17323.58477,-0.832609793
17323.58481,-0.745177518
17323.58486,-0.7097153
17323.58502,-0.691612834
17323.58513,-0.634347688
17323.58519,0.35786495
17323.58521,1.448798062
17323.58552,-0.362676214
17323.58556,2.444780812
17323.58566,2.641702607
17323.58573,0.470055844
17323.58582,2.292222805
17323.58582,0.762363201
17323.58597,1.441579501
17323.58608,1.760521137
17323.58609,2.168380668
17323.58616,0.968589178
17323.58627,2.382182799
17323.58635,2.414680106
17323.58654,2.879534486
17323.58656,2.404679471
17323.5866,3.84403737
17323.58665,2.645466498
17323.58665,2.498346057
17323.58674,3.367262657
17323.58688,3.326793157
17323.58727,3.419179566
17323.5873,3.323560908
17323.58744,3.826050243
17323.58759,3.844475952
17323.58767,2.196625652
17323.58777,3.180954956
17323.58778,2.404052175
17323.5882,1.614769191
17323.58823,3.130513447
17323.58823,2.823235426
17323.58825,3.308604755
17323.58832,1.80632501
17323.58834,2.143400693
17323.58843,2.089741472
17323.58847,3.105027535
17323.58868,2.263860908
17323.58889,3.804207041
17323.58893,4.451346976
17323.58905,2.791001267
17323.58907,3.220151453
17323.58928,4.918254753
17323.58931,5.264536169
17323.58939,5.269296141
17323.58952,5.265717261
17323.58965,4.508061024
17323.58966,4.984126538
17323.58994,4.543662634
17323.59007,4.631013361
17323.59008,8.81131413
17323.59008,5.573600895
17323.59015,6.765464506
17323.59022,10.29579409
17323.59038,9.877458067
17323.59053,9.651198481
17323.59065,10.61790688
17323.591,9.659755066
17323.59104,9.862463217
17323.59111,12.61157315
17323.59115,11.35768431
17323.59124,13.59116376
17323.59139,12.0429588
17323.59147,12.8561979
17323.59159,14.2678648
17323.59183,15.05255019
17323.5919,14.6581624
17323.59191,12.75264045
17323.59202,13.81829697
17323.59203,13.92961703
17323.59203,13.04116091
17323.59205,14.2461936
17323.59233,12.60603339
17323.59242,14.34337141
17323.59242,12.54264644
17323.59243,13.43923349
17323.59262,11.54883777
17323.5927,11.34608227
17323.59275,11.79312275
17323.59299,12.25396008
17323.59299,12.83010343
17323.59299,10.31251298
17323.59312,11.56902085
17323.59331,12.27648468
17323.59334,9.978477545
17323.59339,9.183404284
17323.5935,9.693687004
17323.59354,6.322130632
17323.59355,5.567966675
17323.59369,7.93025315
17323.59399,5.539319514
17323.59403,5.16912165
17323.59405,4.82679704
17323.59406,5.18756428
17323.59408,4.350046341
17323.59413,5.297377079
17323.59417,5.477063083
17323.59432,2.535125637
17323.59455,3.207542663
17323.59458,2.259633613
17323.59462,2.283945808
17323.59463,2.048184311
17323.59474,1.76330339
17323.59475,1.758709696
17323.59487,2.977355036
17323.59489,2.066824922
17323.59518,2.547471194
17323.59521,1.39273676
17323.59533,2.781684746
17323.59553,-0.341897948
17323.59562,-1.463280639
17323.5957,-0.075656867
17323.59577,1.011185722
17323.59589,-0.841764394
17323.59597,2.201424029
17323.59597,1.428365208
17323.59597,2.46587984
17323.59617,2.510321033
17323.59628,2.334139898
17323.59635,2.532239772
17323.59646,3.526413376
17323.59655,3.906435058
17323.59673,3.827106755
17323.59683,2.880343156
17323.59687,2.794917636
17323.597,2.744656497
17323.5971,2.668489729
17323.59713,2.502453156
17323.59737,2.857263488
17323.5974,2.536591301
17323.59744,2.025530189
17323.59775,2.149162443
17323.59777,2.386531455
17323.59779,3.468708417
17323.59787,3.413652921
17323.59802,3.489380039
17323.59809,2.857270488
17323.59811,2.782281612
17323.59831,2.439509929
17323.59831,2.189789804
17323.5985,2.308682218
17323.59869,1.827618668
17323.59871,0.919707189
17323.59875,1.397716947
17323.5989,0.842987008
17323.59904,1.867665446
17323.59909,4.867901636
17323.59909,3.042453092
17323.59928,4.464271674
17323.59931,4.001347307
17323.59944,3.115295978
17323.59965,4.704770941
17323.59972,2.898421616
17323.59973,6.553953597
17323.59979,8.322759963
17323.59981,8.23089474
17323.60006,8.300955805
17323.60015,12.15783569
17323.60019,8.486313398
17323.60041,10.2168976
17323.60051,13.76487135
17323.60054,14.36018628
17323.60055,14.44191546
17323.60085,14.60198289
17323.60088,14.30906492
17323.60108,14.57565707
17323.60114,15.13776035
17323.60119,15.59511801
17323.6012,15.44835194
17323.6015,14.35020854
17323.60164,14.09467505
17323.60164,14.14217499
17323.60171,14.75087477
17323.60173,15.04183795
17323.60197,15.26567575
17323.60201,15.42238072
17323.60219,15.09008374
17323.60221,14.57891638
17323.60232,13.49828629
17323.6025,12.65068728
17323.60255,11.19146054
17323.6027,11.42311428
17323.60277,11.00539748
17323.60277,10.35091719
17323.60295,11.08397424
17323.60296,9.64136193
17323.6032,9.778285783
17323.60322,10.62345857
17323.60347,11.96851408
17323.60347,12.19152692
17323.60355,12.53649839
17323.60357,10.95467368
17323.60382,11.49740045
17323.60386,11.7978286
17323.604,12.90833796
17323.60407,15.78713482
17323.60413,14.7784238
17323.60417,16.46347198
17323.60421,16.70900682
17323.60441,17.27717754
17323.60445,18.09179985
17323.60456,18.04412365
17323.60459,17.93351822
17323.60482,18.25165594
17323.60504,18.88433645
17323.60509,18.38170083
17323.60515,16.36528889
17323.60531,14.0817777
17323.60539,13.57595137
17323.60555,13.79912874
17323.60562,14.81316741
17323.60569,14.67763226
17323.6057,12.98628924
17323.60593,14.32578428
17323.60605,11.57752247
17323.60616,10.5998248
17323.60622,10.60228513
17323.60622,10.93125296
17323.60639,11.31082642
17323.60649,11.11127312
17323.6065,9.584754999
17323.60671,10.68064809
17323.6068,8.95994479
17323.6068,8.920339043
17323.60697,9.583193467
17323.60703,9.914478666
17323.60718,9.452449443
17323.60729,9.145206065
17323.60749,8.733000828
17323.60758,8.948880053
17323.6077,8.17036451
17323.60771,7.597077695
17323.60786,6.754118587
17323.60796,6.410304934
17323.60818,6.172313473
17323.60819,5.690426013
17323.60834,5.598846185
17323.60846,5.60083722
17323.60854,6.190794418
17323.6086,6.343426876
17323.60874,5.689773156
17323.60879,4.517277612
17323.60887,3.391677656
17323.60898,2.674196563
17323.60917,2.287732267
17323.60923,1.997867908
17323.60938,2.226082239
17323.60948,2.393775746
17323.6096,2.61668513
17323.60971,2.114231497
17323.60971,0.890767848
17323.6098,1.618972007
17323.60991,0.730315067
17323.61003,0.335858367
17323.61011,0.013802941
17323.61023,-0.325623911
17323.61032,-0.252167574
17323.61042,0.194355759
17323.61059,0.777630071
17323.61068,1.019607675
17323.61078,0.998173377
17323.61089,0.475121713
17323.61099,0.205222921
17323.61108,0.083057342
17323.61118,0.063746705
17323.61131,-0.011279566
17323.61136,0.030570775
17323.6115,0.401862797
17323.61158,0.704123365
17323.61164,0.634145471
17323.61176,-0.034694035
17323.61189,-0.492069728
17323.61209,-0.945808701
17323.61214,-0.63830872
17323.61222,-0.55289329
17323.61238,-0.208609528
17323.61246,-0.250543916
17323.61246,-0.873579214
17323.61257,-0.332009301
17323.6127,-1.309691719
17323.61282,-1.587826336
17323.61292,-1.043402549
17323.61302,-0.773471568
17323.61308,-0.701720457
17323.61315,-1.103099835
17323.61327,-1.155723829
17323.61334,-0.471551916
17323.61343,0.335845993
17323.61357,1.313218994
17323.61363,1.297230065
17323.61375,1.036872385
17323.61383,0.170518453
17323.61394,0.213128278
17323.61406,0.106902315
17323.61415,0.235924038
17323.61423,0.073012682
17323.61434,0.437594917
17323.61442,1.377010078
17323.61454,1.666644252
17323.61462,2.007542424
17323.61476,2.024254454
17323.61493,2.565527257
17323.61496,3.194269946
17323.61501,3.381685508
17323.61518,3.539884351
17323.61529,3.152215136
17323.61543,3.062091243
17323.61551,3.030012901
17323.61562,3.213230245
17323.61579,3.504482419
17323.61586,3.697656186
17323.61598,3.2781139
17323.61607,2.616320777
17323.61623,2.138035943
17323.61639,2.002205898
17323.61655,2.08646003
17323.61657,2.153966268
17323.61657,4.244579794
17323.61662,4.479635401
17323.61671,3.297117142
17323.61682,3.913906475
17323.61702,3.532303423
17323.61716,3.926985827
17323.61722,4.316502674
17323.61725,4.350657555
17323.61741,4.768039699
17323.61747,1.637877518
17323.61765,3.239619459
17323.61769,1.508798496
17323.61772,2.801739482
17323.61786,4.852565245
17323.61796,5.55817711
17323.61796,3.09211363
17323.61805,4.895397061
17323.61823,2.348560979
17323.6183,2.1738823
17323.61839,3.083296382
17323.6186,2.963762504
17323.61861,2.662167544
17323.61877,1.440960454
17323.61888,0.118311995
17323.6189,0.553036848
17323.619,0.74946013
17323.61916,1.470887749
17323.61931,1.825026621
17323.61939,1.110451585
17323.61939,0.221903342
17323.61956,0.473439524
17323.61976,0.6278714
17323.61983,1.192062762
17323.61989,2.679253436
17323.61994,1.780606153
17323.62011,3.319991888
17323.62026,3.313345576
17323.62037,2.797700285
17323.62048,3.10234497
17323.62062,2.68574523
17323.62084,3.635400028
17323.621,3.760128607
17323.62103,3.659905774
17323.62133,3.665543262
17323.62137,4.044869836
17323.62142,4.824967068
17323.62156,5.768197013
17323.6216,5.937997432
17323.62164,6.025409299
17323.62166,5.702777736
17323.62195,6.757180936
17323.62197,8.984306027
17323.62197,7.698931669
17323.6221,8.790356412
17323.62219,8.99902651
17323.62227,10.794428
17323.62244,9.543846415
17323.62256,14.29204693
17323.62258,14.94673532
17323.62269,12.97936094
17323.62286,14.69398408
17323.62296,15.27648807
17323.62301,15.56346994
17323.62312,15.91834273
17323.62326,16.134441
17323.6233,15.67486018
17323.62341,16.08715055
17323.6236,14.39775427
17323.62365,14.71145828
17323.62378,14.4740264
17323.62379,14.52951699
17323.62407,14.16450355
17323.62407,10.62833783
17323.62412,11.71827484
17323.62431,13.05316851
17323.62434,10.54134538
17323.62465,10.34487053
17323.62472,9.156217559
17323.62472,6.602124793
17323.62474,8.140086612
17323.62488,10.46805744
17323.62492,7.39499013
17323.62508,8.176997816
17323.62521,8.343909389
17323.62538,6.433806965
17323.62562,3.802549378
17323.62577,4.700468948
17323.62577,3.230555583
17323.62577,3.231419187
17323.62596,3.394660683
17323.62611,3.373575659
17323.62611,1.571079293
17323.62618,2.629574476
17323.6262,0.799328115
17323.62628,1.603978635
17323.62649,1.232652346
17323.62649,1.420144513
17323.62701,1.917221525
17323.62701,0.58162337
17323.62703,1.126108439
17323.62703,1.355006467
17323.62719,1.62308546
17323.62723,0.570746927
17323.62728,1.623360414
17323.62729,0.818263823
17323.62781,1.634991011
17323.62786,1.651833269
17323.62796,1.802160638
17323.62807,1.773539774
17323.62817,1.648542304
17323.62828,1.534993654
17323.62838,1.787378644
17323.62849,1.953388444
17323.62859,1.856107794
17323.62869,1.550680933
17323.6288,1.763415037
17323.6289,2.201435296
17323.62901,2.574887332
17323.62911,2.539535938
17323.62922,2.382895185
17323.62932,2.33907952
17323.62942,2.373201475
17323.62953,2.315758172
17323.62963,2.136463664
17323.62974,1.785542586
17323.62984,1.715762699
17323.62995,1.465735208
17323.63005,1.438659565
17323.63015,1.49811839
17323.63026,1.814268089
17323.63036,2.045173871
17323.63047,1.807382231
17323.63057,1.820149642
17323.63068,1.830661607
17323.63078,1.879268616
17323.63088,1.567250959
17323.63099,1.506731903
17323.63109,1.803931508
17323.6312,1.94450987
17323.6313,1.773441637
17323.63141,1.57938494
17323.63151,2.048518796
17323.63161,2.40551859
17323.63172,2.459302847
17323.63182,1.973038623
17323.63193,1.651353188
17323.63203,1.695704544
17323.63214,1.953610245
17323.63224,2.159042342
17323.63235,2.230683987
17323.63245,2.174066843
17323.63255,2.510897019
17323.63266,2.447991467
17323.63276,2.388717479
17323.63287,1.843901856
17323.63297,1.93014281
17323.63308,1.96533049
17323.63318,2.555967001
17323.63328,2.36240519
17323.63339,2.607768501
17323.63349,1.811849371
17323.6336,2.043681792
17323.6337,1.853796886
17323.63381,2.540703189
17323.63386,2.650072417
17323.63391,3.275434662
17323.63395,2.715980726
17323.63401,2.771174653
17323.6341,2.857819327
17323.63412,2.93377243
17323.63414,2.946826292
17323.63414,2.165606929
17323.6342,3.179881662
17323.63435,2.178007355
17323.63438,4.203574503
17323.63447,2.074216339
17323.63448,3.884022648
17323.63448,2.688443813
17323.63452,3.676468185
17323.63458,2.540403971
17323.63463,3.33997832
17323.63491,3.162951776
17323.63515,2.449800291
17323.63519,2.560062409
17323.63531,2.553868404
17323.63537,3.183692944
17323.63566,3.527053305
17323.63567,5.953885125
17323.63574,3.267778163
17323.63576,5.585778267
17323.63584,4.545415512
17323.63594,5.693653649
17323.63602,5.48327901
17323.63616,5.322642955
17323.6362,5.880403731
17323.63643,5.760946773
17323.63673,7.275401449
17323.63673,8.081008983
17323.63685,7.901102287
17323.63723,8.250321388
17323.6373,7.614558748
17323.63735,7.714284871
17323.63746,7.551821161
17323.63747,7.664245499
17323.6377,7.350253849
17323.63781,7.644744149
17323.63786,5.457219049
17323.63796,5.268775526
17323.63802,6.481555373
17323.63809,5.946558524
17323.63809,4.766106987
17323.63826,5.438262767
17323.63826,5.063931511
17323.63826,5.71879539
17323.63872,5.22012194
17323.63875,5.103895619
17323.63892,4.445501683
17323.63902,5.41935513
17323.63906,3.059492654
17323.63907,4.535711741
17323.63908,4.207442581
17323.63924,4.957710338
17323.63928,3.744380056
17323.63932,3.268381215
17323.63935,2.160217282
17323.6396,3.566285212
17323.63962,0.854175812
17323.63968,1.10471697
17323.63975,0.306384625
17323.63978,0.203321151
17323.64025,0.63831069
17323.64036,1.044348116
17323.64039,1.099284367
17323.64044,1.071211134
17323.64063,0.893407847
17323.64081,0.637589681
17323.64094,0.56235061
17323.64116,0.585969767
17323.64118,0.881703009
17323.64118,0.702285917
17323.64125,0.971262031
17323.64131,1.040580264
17323.64145,0.99257432
17323.64152,0.767017133
17323.64168,1.001760134
17323.64172,0.974662832
17323.64201,0.616126478
17323.64231,0.494721727
17323.64239,0.167208986
17323.64242,0.294017148
17323.64248,0.257033645
17323.64255,0.457721995
17323.6427,0.273910525
17323.64276,-0.278324351
17323.64277,-0.202314906
17323.64301,-0.367179591
17323.64318,0.324475162
17323.64333,-0.187156078
17323.64334,0.819154646
17323.64355,0.953705075
17323.64366,0.483708708
17323.64377,0.047504696
17323.64386,1.585786889
17323.64392,2.221879296
17323.64411,1.103015107
17323.64412,1.857553151
17323.64418,2.377832614
17323.64434,3.966048065
17323.64445,3.013751216
17323.64446,5.241628207
17323.64449,4.283688683
17323.64458,4.477551005
17323.64461,4.260209874
17323.64474,4.777451609
17323.64488,5.208015815
17323.64491,4.933679824
17323.645,6.394363726
17323.64544,5.683939643
17323.64545,6.622952786
17323.64549,6.474188387
17323.64549,6.244039905
17323.6455,6.295826413
17323.64577,6.07795097
17323.64588,7.463953617
17323.64598,9.87212188
17323.64603,8.479509506
17323.64609,7.003440457
17323.6463,12.49312615
17323.64634,11.82728436
17323.64659,12.75141796
17323.64678,12.27430077
17323.64692,12.60624891
17323.64694,12.79648541
17323.64718,14.26824671
17323.64733,16.64827106
17323.64734,20.3101143
17323.64749,18.63077102
17323.64757,20.64053538
17323.64774,21.58063962
17323.64777,23.80028167
17323.64779,22.63933933
17323.6479,21.97950319
17323.6481,24.32957092
17323.64812,24.53097709
17323.64839,23.4014339
17323.64845,22.81376512
17323.64853,22.35052827
17323.64868,22.54967866
17323.64884,22.13751869
17323.64894,22.26989667
17323.649,21.75472386
17323.64912,22.41004907
17323.64915,22.41114965
17323.64919,21.19503425
17323.64923,18.80966381
17323.64923,19.65569848
17323.64937,22.53446169
17323.64941,20.1206574
17323.64941,20.2005464
17323.64948,20.27223686
17323.64969,17.29220256
17323.64984,16.16002288
17323.6499,16.48342693
17323.64994,16.84906812
17323.65003,15.3922182
17323.65003,16.52499902
17323.6502,15.34112245
17323.65042,15.6215871
17323.65045,15.76646578
17323.65057,15.7672846
17323.65073,15.50894599
17323.65082,15.95082745
17323.65087,15.9119965
17323.65112,15.45178214
17323.65127,15.12768041
17323.65137,15.4684794
17323.65151,14.89306307
17323.65153,11.77346056
17323.65159,13.24449377
17323.65182,11.49770776
17323.65187,11.73434512
17323.652,11.81674404
17323.65214,11.65984654
17323.65222,12.04350007
17323.65224,11.2870755
17323.65243,11.88862934
17323.6525,10.90811715
17323.65256,11.51324357
17323.65259,10.71079116
17323.65259,11.83540765
17323.65287,11.84930348
17323.65298,11.59841307
17323.65316,10.99441164
17323.65331,10.53335806
17323.65337,10.53881682
17323.65343,10.43956362
17323.65365,10.03060661
17323.65375,9.419579583
17323.65378,10.11299216
17323.65392,9.360006157
17323.65401,10.5303969
17323.65422,10.69305463
17323.65435,10.00451657
17323.65446,9.433081429
17323.65454,9.062716403
17323.65472,8.72142199
17323.65481,8.288562449
17323.65493,7.254004241
17323.65493,5.873988962
17323.65511,6.384529521
17323.65515,6.553602651
17323.65527,7.612402691
17323.65529,8.260770261
17323.65536,5.618376598
17323.65547,7.539892921
17323.65568,3.927081955
17323.6557,3.246811646
17323.6557,3.901259505
17323.65578,4.71152564
17323.656,4.921880885
17323.65615,4.788424293
17323.6563,4.312576151
17323.65634,3.733945247
17323.65647,2.985794052
17323.65663,2.317043986
17323.65672,2.088000954
17323.65678,1.376873864
17323.65684,1.716450716
17323.65707,0.76550525
17323.6571,0.645643512
17323.65723,0.829186329
17323.6574,1.444907484
17323.65746,1.600677091
17323.65767,1.298409297
17323.65773,0.606190529
17323.65784,0.112587384
17323.65805,-0.083586276
17323.65814,0.0554643
17323.65827,0.19441023
17323.65837,0.532837593
17323.65845,0.577102046
17323.6586,0.792085078
17323.65869,0.681687581
17323.65876,0.73879714
17323.65898,0.613501695
17323.65904,0.63966612
17323.65918,0.565465525
17323.65918,0.481935591
17323.65925,0.592960561
17323.65951,0.381184686
17323.65952,0.130741199
17323.65967,0.016179313
17323.65973,-0.010584801
17323.65984,0.185259006
17323.66001,0.338825386
17323.66013,0.446619291
17323.66024,0.085369842
17323.66034,-0.345667783
17323.6605,-0.790947796
17323.66056,-0.450113445
17323.66073,0.209700461
17323.6608,0.914154233
17323.66091,1.347404452
17323.66104,1.478272739
17323.66113,1.648837508
17323.66125,1.316277634
17323.66138,1.224811528
17323.66148,1.184396901
17323.6616,1.590139992
17323.66173,1.901313734
17323.66186,2.038937153
17323.662,2.120581138
17323.66209,2.187030354
17323.66217,2.322566563
17323.66228,2.710547029
17323.66237,3.12522194
17323.66246,3.742137489
17323.66261,3.806437528
17323.66277,3.800695132
17323.66288,3.78934755
17323.66291,4.407770496
17323.66307,5.103476004
17323.66313,5.415575315
17323.66328,5.412412933
17323.66345,5.321731446
17323.66355,5.898990237
17323.66371,5.94798763
17323.66386,5.888664422
17323.66395,5.078671489
17323.66395,5.12681501
17323.66407,5.421893922
17323.66418,6.154883969
17323.66437,6.279500535
17323.66438,6.129653038
17323.66458,5.586899201
17323.66461,5.277162138
17323.66474,5.253021723
17323.66483,5.344742042
17323.66489,5.058398646
17323.66513,4.237660616
17323.66514,3.437444233
17323.66527,3.228733477
17323.66534,3.496308836
17323.66541,4.032574584
17323.66551,4.203209373
17323.66583,4.218611939
17323.66583,3.919905052
17323.66583,3.425903091
17323.66598,3.675892402
17323.66606,3.179649264
17323.6662,3.093312082
17323.66628,2.887218896
17323.66644,2.7842996
17323.66646,2.479360578
17323.66663,2.504952378
17323.66673,2.701487361
17323.66688,2.925060889
17323.66704,2.963914682
17323.66719,2.71800222
17323.66731,2.50723189
17323.66748,2.134665564
17323.66758,1.806501107
17323.66772,1.704898887
17323.66777,1.994238581
17323.66783,3.034273227
17323.66802,2.632215503
17323.66805,3.346175353
17323.66805,3.300569183
17323.66828,3.427012926
17323.66828,2.88439761
17323.66844,2.262479505
17323.66854,2.280525714
17323.6687,2.614842833
17323.66881,3.63011957
17323.66911,4.282402819
17323.66925,4.886210404
17323.6693,4.616240087
17323.66933,3.818190534
17323.66933,4.15934079
17323.66936,3.81658059
17323.66959,4.11633308
17323.66961,3.59584339
17323.66971,3.940679506
17323.66992,3.452894558
17323.66993,3.026107082
17323.67009,3.407023149
17323.67013,3.35251707
17323.67015,5.357709664
17323.67015,4.65977642
17323.67023,5.11181305
17323.67057,4.584228634
17323.67073,3.877279109
17323.67087,4.420998284
17323.67089,5.54332607
17323.67097,5.653168704
17323.67107,3.930056116
17323.67107,6.152189616
17323.67126,6.280511513
17323.6714,5.130738026
17323.67142,5.535170546
17323.67155,5.106607362
17323.67157,6.12619178
17323.67173,6.438674423
17323.67195,6.67412049
17323.672,6.555049443
17323.67224,5.999829263
17323.67236,5.160740932
17323.67246,5.545091165
17323.67265,4.686569478
17323.67277,6.490773137
17323.67286,7.08878947
17323.67297,6.76827192
17323.67315,7.379167005
17323.67331,8.591654293
17323.67346,9.559066139
17323.67355,10.59211064
17323.67362,10.61410069
17323.67378,11.23479039
17323.67391,10.47338799
17323.67421,11.48075729
17323.67432,12.20660372
17323.67432,11.69725863
17323.67432,11.8165718
17323.67432,12.16720537
17323.67459,13.22145505
17323.67461,13.87916587
17323.67485,15.47420336
17323.67489,19.17855412
17323.67502,17.64488267
17323.67507,20.84999859
17323.67515,20.05961031
17323.67517,21.1925427
17323.6753,20.57500173
17323.67543,19.67049844
17323.67561,20.29242994
17323.67565,19.65372843
17323.67567,19.03679532
17323.67582,17.40470281
17323.67618,16.69581748
17323.6762,15.96471809
17323.67644,15.3644551
17323.67646,14.99480629
17323.67647,11.89169197
17323.67664,14.805366
17323.67668,9.468604517
17323.67684,14.04293803
17323.67699,8.491522874
17323.67703,9.01734022
17323.67712,9.730322228
17323.67738,9.290497234
17323.67756,8.159721677
17323.67756,5.388231332
17323.67756,5.665796321
17323.67765,6.562076535
17323.67775,5.921458905
17323.67784,6.418778923
17323.67794,6.184536877
17323.67803,5.88733595
17323.67813,5.302964139
17323.67822,5.438837875
17323.67831,5.740111899
17323.67841,6.168798082
17323.6785,6.306209261
17323.6786,5.857225332
17323.67869,5.956956093
17323.67879,5.783812847
17323.67888,5.836245531
17323.67898,5.068409871
17323.67907,4.732770486
17323.67917,4.437872698
17323.67926,4.619292973
17323.67935,4.347735084
17323.67945,4.357279801
17323.67954,4.284371705
17323.67964,4.560926953
17323.67973,4.331497876
17323.67983,4.046571802
17323.67992,3.53903495
17323.68002,3.270826866
17323.68011,3.270399413
17323.6802,3.345545352
17323.6803,3.439688097
17323.68039,3.049215142
17323.68049,2.861984863
17323.68058,2.459083906
17323.68068,2.484215032
17323.68077,2.399292297
17323.68087,2.588795275
17323.68096,2.7452315
17323.68105,2.792593539
17323.68115,3.260800594
17323.68124,3.573840854
17323.68134,3.892937232
17323.68143,3.380277542
17323.68153,2.99792681
17323.68162,3.130751732
17323.68172,3.922187732
17323.68181,4.668013615
17323.6819,4.901778019
17323.682,4.70235071
17323.68209,4.325209538
17323.68219,3.980921482
17323.68228,3.61127015
17323.68238,3.315039623
17323.68247,3.224703168
17323.68257,3.34197847
17323.68266,3.641297163
17323.68275,3.568981615
17323.68285,3.301391709
17323.68294,2.761439095
17323.68304,2.238191791
17323.68313,1.930947631
17323.68323,1.825235374
17323.68327,1.899259525
17323.68359,1.850857283
17323.68378,1.927679572
17323.68441,1.770942066
17323.68449,0.368265002
17323.68449,1.670827412
17323.68458,1.918716896
17323.68473,0.967435948
17323.6849,0.562444083
17323.68494,0.366125512
17323.68496,0.428424455
17323.68508,0.304260715
17323.68528,1.225371693
17323.68537,1.526140105
17323.68546,0.685122594
17323.68546,1.18306572
17323.68551,1.449336653
17323.68626,1.243993792
17323.68627,1.231963775
17323.68634,1.18847169
17323.68634,1.404079013
17323.68649,1.336679148
17323.68687,0.110031218
17323.68693,0.726714703
17323.68704,-0.023144414
17323.68729,0.388422795
17323.68732,0.92603374
17323.68738,1.200208866
17323.68744,1.357367743
17323.68751,0.617540908
17323.68751,1.337315704
17323.68751,1.33886727
17323.68777,1.194722982
17323.68781,0.823770716
17323.68804,0.639582325
17323.68809,1.423751465
17323.68817,1.217603929
17323.6882,1.114995107
17323.68831,1.518626732
17323.68853,1.348555429
17323.68855,1.054105654
17323.68857,0.917639106
17323.68878,1.125442108
17323.68896,1.129111255
17323.68896,0.835489152
17323.68908,0.027693977
17323.68918,0.285756528
17323.68942,-0.133830381
17323.68948,0.134919034
17323.68954,0.570296161
17323.68966,-0.393143167
17323.68977,0.329166757
17323.68989,0.579131623
17323.69007,-0.283554735
17323.69011,1.234688768
17323.69021,0.353315619
17323.69035,1.142172238
17323.69036,2.343620826
17323.69042,0.899022059
17323.69048,1.503827266
17323.69049,0.800885536
17323.69068,0.703598866
17323.69074,2.129858733
17323.69085,1.676536471
17323.69085,0.47865433
17323.69094,1.25347282
17323.69101,2.210759308
17323.69124,2.631638716
17323.69133,1.58835734
17323.69134,3.045655643
17323.69134,2.757432408
17323.69159,0.451957095
17323.69173,3.336427052
17323.69179,2.302061253
17323.69185,2.254461249
17323.69216,2.452095046
17323.69221,1.622714761
17323.69221,1.509958899
17323.69228,2.319927569
17323.69229,1.598918295
17323.69263,2.124001416
17323.69276,1.652537301
17323.6928,1.245326071
17323.69282,0.795387443
17323.69298,0.333407895
17323.69303,-0.208122851
17323.69305,0.44797741
17323.69333,-0.381697034
17323.69351,0.122042021
17323.69351,0.917626773
17323.69374,1.581582415
17323.69376,0.079835951
17323.69379,1.516069724
17323.69388,1.927589712
17323.69394,1.113058317
17323.69426,0.536808644
17323.69431,0.446004036
17323.69439,0.146327785
17323.69459,0.274152034
17323.69473,0.142510527
17323.69476,0.380086904
17323.69491,3.052139072
17323.69513,0.807770353
17323.69519,1.440294323
17323.69521,2.178663973
17323.69523,1.885988913
17323.6953,1.522230963
17323.69548,2.960851556
17323.69568,2.608013452
17323.69573,1.916082437
17323.69594,1.650270426
17323.69596,2.30099995
17323.69599,2.074056465
17323.69604,2.058110861
17323.69616,2.039665914
17323.69617,2.510594545
17323.6965,2.767977939
17323.69656,2.966778503
17323.6966,3.227458766
17323.6966,3.49501502
17323.69678,3.594803543
17323.6971,3.441252402
17323.69713,3.628520285
17323.69725,3.620931152
17323.69745,3.879759995
17323.69753,4.279008163
17323.69767,4.819099979
17323.69774,5.17123331
17323.69786,4.830262116
17323.69786,4.612596377
17323.69787,4.640115005
17323.69825,4.284160057
17323.69843,4.634291742
17323.69858,3.736526216
17323.69864,3.414411084
17323.6988,3.025341827
17323.69893,3.241363679
17323.69896,3.307547528
17323.69936,3.210261297
17323.69947,3.716491214
17323.69966,3.845034795
17323.69979,4.171243492
17323.69987,4.279914062
17323.69987,3.760901857
17323.69991,4.314519571
17323.69999,3.134564575
17323.69999,4.196953922
17323.70011,4.346754379
17323.70015,2.028235091
17323.70019,1.682267984
17323.7002,2.57297003
17323.70033,2.049677984
17323.7005,1.675216893
17323.7007,1.798191849
17323.70072,1.049035898
17323.70089,0.193055263
17323.70103,0.316660289
17323.70106,-0.065324098
17323.70115,-0.080246406
17323.70121,0.767426516
17323.70134,0.025333666
17323.70148,1.121438394
17323.70163,1.121346586
17323.70164,1.026314445
17323.70187,0.814439331
17323.70199,1.005877876
17323.70221,1.464192011
17323.70228,2.362468043
17323.70252,2.125882838
17323.70252,0.781002699
17323.70259,1.482711654
17323.70272,1.770647716
17323.70282,2.98045674
17323.70311,3.941241445
,4.080262943
